Webpage_id,Domain,Url,Tag,Crawled_at
1,www.fiercepharma.com,https://www.fiercepharma.com/fiercepharmacom/about-us,non-gambling,2026-04-26 13:27:04
2,www.fiercepharma.com,https://www.fiercepharma.com/pharma,non-gambling,2026-04-26 13:27:05
3,www.fiercepharma.com,https://www.fiercepharma.com/vaccines,non-gambling,2026-04-26 13:27:06
4,www.fiercepharma.com,https://www.fiercepharma.com/asia,non-gambling,2026-04-26 13:27:08
5,www.fiercepharma.com,https://www.fiercepharma.com/keyword/cell-gene-therapy,non-gambling,2026-04-26 13:27:09
6,www.fiercepharma.com,https://www.fiercepharma.com/keyword/drug-delivery,non-gambling,2026-04-26 13:27:10
7,www.fiercepharma.com,https://www.fiercepharma.com/executives,non-gambling,2026-04-26 13:27:11
8,www.fiercepharma.com,https://www.fiercepharma.com/manufacturing,non-gambling,2026-04-26 13:27:13
9,www.fiercepharma.com,https://www.fiercepharma.com/facilites,non-gambling,2026-04-26 13:27:14
10,www.fiercepharma.com,https://www.fiercepharma.com/recalls,non-gambling,2026-04-26 13:27:16
11,www.fiercepharma.com,https://www.fiercepharma.com/warning-letters,non-gambling,2026-04-26 13:27:17
12,www.fiercepharma.com,https://www.fiercepharma.com/marketing,non-gambling,2026-04-26 13:27:18
13,www.fiercepharma.com,https://www.fiercepharma.com/special-reports,non-gambling,2026-04-26 13:27:20
14,www.fiercepharma.com,https://www.fiercepharma.com/collection/fierce-50-2025,non-gambling,2026-04-26 13:27:21
15,www.fiercepharma.com,https://www.fiercepharma.com/activation-center/oncology,non-gambling,2026-04-26 13:27:22
16,www.fiercepharma.com,https://www.fiercepharma.com/keyword/supply-chain,non-gambling,2026-04-26 13:27:24
17,www.fiercepharma.com,https://www.fiercepharma.com/ai-and-machine-learning,non-gambling,2026-04-26 13:27:26
18,www.fiercepharma.com,https://www.fiercepharma.com/resources,non-gambling,2026-04-26 13:27:27
19,www.fiercepharma.com,https://www.fiercepharma.com/podcasts,non-gambling,2026-04-26 13:27:29
20,www.fiercepharma.com,https://www.fiercepharma.com/resource/products/questex%20event,non-gambling,2026-04-26 13:27:30
21,www.fiercepharma.com,https://www.fiercepharma.com/resource/products/industry%20event,non-gambling,2026-04-26 13:27:31
22,www.fiercepharma.com,https://www.fiercepharma.com/resource/products/webinar,non-gambling,2026-04-26 13:27:32
23,www.fiercepharma.com,https://www.fiercepharma.com/resource/products/whitepaper,non-gambling,2026-04-26 13:27:33
24,www.fiercepharma.com,https://www.fiercepharma.com/resource/products/survey,non-gambling,2026-04-26 13:27:34
25,www.fiercepharma.com,https://www.fiercepharma.com/fiercepharmacom/fp-newsletters,non-gambling,2026-04-26 13:27:36
26,www.fiercepharma.com,https://www.fiercepharma.com/pharma/regeneron-ushers-new-genetic-medicine-era-groundbreaking-gene-therapy-approval,non-gambling,2026-04-26 13:27:37
27,www.fiercepharma.com,https://www.fiercepharma.com/person/darren-incorvaia,non-gambling,2026-04-26 13:27:38
28,www.fiercepharma.com,https://www.fiercepharma.com/pharma/oral-glp-1-tracker-launch-trajectories-lilly-foundayo-novo-wegovy-pill,non-gambling,2026-04-26 13:27:40
29,www.fiercepharma.com,https://www.fiercepharma.com/sponsored/brain-cancer-awareness-importance-molecular-testing-patients-rare-brain-tumors,non-gambling,2026-04-26 13:27:41
30,www.fiercepharma.com,https://www.fiercepharma.com/company/jazz-pharmaceuticals,non-gambling,2026-04-26 13:27:43
31,www.fiercepharma.com,https://www.fiercepharma.com/pharma/roche-q1-earnings-suffer-blood-bath-currency-headwinds-arent-only-culprit,non-gambling,2026-04-26 13:27:45
32,www.fiercepharma.com,https://www.fiercepharma.com/pharma/fda-snubs-abbvies-new-prospective-botox-offering-manufacturing-related-crl,non-gambling,2026-04-26 13:27:46
33,www.fiercepharma.com,https://www.fiercepharma.com/pharma/chmp-nod-sanofi-gains-long-awaited-win-tolebrutinib,non-gambling,2026-04-26 13:27:47
34,www.fiercepharma.com,https://www.fiercepharma.com/pharma/daiichi-pushes-back-annual-report-citing-reviews-amid-changing-business-conditions,non-gambling,2026-04-26 13:27:48
35,www.fiercepharma.com,https://www.fiercepharma.com/marketing/traveres-launchpad-positions-filspari-fast-rise-toward-blockbuster-sales-analyst,non-gambling,2026-04-26 13:27:50
36,www.fiercepharma.com,https://www.fiercepharma.com/pharma/can-trumps-deal-uk-become-model-similar-drug-price-agreements,non-gambling,2026-04-26 13:27:51
37,www.fiercepharma.com,https://www.fiercepharma.com/marketing/pfizer-drafts-fernando-mendoza-new-face-its-game-inches-cancer-campaign,non-gambling,2026-04-26 13:27:52
38,www.fiercepharma.com,https://www.fiercepharma.com/fiercepharmacom/rss-feeds,non-gambling,2026-04-26 13:27:53
39,www.fiercepharma.com,https://www.fiercepharma.com/person/angus-liu-0,non-gambling,2026-04-26 13:27:55
40,www.fiercepharma.com,https://www.fiercepharma.com/person/kevin-dunleavy-0,non-gambling,2026-04-26 13:27:56
41,www.fiercepharma.com,https://www.fiercepharma.com/sponsored/pharma-marketers-face-privacy-hurdles-turn-omnichannel-strategies,non-gambling,2026-04-26 13:27:57
42,www.fiercepharma.com,https://www.fiercepharma.com/company/swoop,non-gambling,2026-04-26 13:27:58
43,www.fiercepharma.com,https://www.fiercepharma.com/manufacturing/biovac-nets-108m-finance-package-build-africas-first-fully-integrated-vaccine-plant,non-gambling,2026-04-26 13:28:00
44,www.fiercepharma.com,https://www.fiercepharma.com/person/joseph-keenan,non-gambling,2026-04-26 13:28:01
45,www.fiercepharma.com,https://www.fiercepharma.com/pharma/sanofi-and-pfizer-deals-novavax-bets-amplification-strategy-drive-vaccines-engine,non-gambling,2026-04-26 13:28:02
46,www.fiercepharma.com,https://www.fiercepharma.com/marketing/sanofi-sanctioned-over-ceos-bold-claims-about-pfizer-vaccine,non-gambling,2026-04-26 13:28:04
47,www.fiercepharma.com,https://www.fiercepharma.com/marketing/pfizer-retains-top-spot-vaccine-rankings-sanofis-slide-sparks-code-red-call,non-gambling,2026-04-26 13:28:06
48,www.fiercepharma.com,https://www.fiercepharma.com/pharma/valneva-withdraws-chikungunya-vaccine-ixchiq-us-amid-new-fda-investigation,non-gambling,2026-04-26 13:28:08
49,www.fiercepharma.com,https://www.fiercepharma.com/pharma/fda-tells-sanofi-gsk-az-and-csl-include-warning-childhood-seizures-flu-shots,non-gambling,2026-04-26 13:28:10
50,www.fiercepharma.com,https://www.fiercepharma.com/pharma/merck-pd-1vegf-data-zai-lab-global-view-kailera-record-ipo,non-gambling,2026-04-26 13:28:12
51,www.fiercepharma.com,https://www.fiercepharma.com/pharma/samsung-biologics-continues-growth-beat-labor-union-rally-sets-strike-motion,non-gambling,2026-04-26 13:28:13
52,www.fiercepharma.com,https://www.fiercepharma.com/pharma/astellas-stem-cell-therapy-rethink-gsk-bullish-adc-plan-daiichi-otc-sale,non-gambling,2026-04-26 13:28:15
53,www.fiercepharma.com,https://www.fiercepharma.com/pharma/takeda-denali-split-merck-zhifei-revised-deal-shionogi-made-us-plan,non-gambling,2026-04-26 13:28:17
54,www.fiercepharma.com,https://www.fiercepharma.com/pharma/gardasil-demand-shortfall-merck-and-china-partner-zhifei-adjust-their-partnership,non-gambling,2026-04-26 13:28:18
55,www.fiercepharma.com,https://www.fiercepharma.com/marketing/neurogene-hires-new-cco-it-eyes-commercial-future-its-rett-gene-therapy,non-gambling,2026-04-26 13:28:19
56,www.fiercepharma.com,https://www.fiercepharma.com/pharma/roche-launch-another-elevidys-study-after-eu-rejection-duchenne-gene-therapy,non-gambling,2026-04-26 13:28:21
57,www.fiercepharma.com,https://www.fiercepharma.com/manufacturing/fda-extends-review-orca-bios-novel-cell-therapy-blood-cancers,non-gambling,2026-04-26 13:28:22
58,www.fiercepharma.com,https://www.fiercepharma.com/pharma/astrazeneca-build-cell-therapy-manufacturing-hub-rd-center-shanghai,non-gambling,2026-04-26 13:28:23
59,www.fiercepharma.com,https://www.fiercepharma.com/pharma/sarepta-ceo-doug-ingram-retire-after-decade-duchenne-breakthroughs-and-controversies,non-gambling,2026-04-26 13:28:24
60,www.fiercepharma.com,https://www.fiercepharma.com/pharma/vertex-taps-halozyme-and-its-recently-acquired-elektrofi-tech-15m-drug-delivery-deal,non-gambling,2026-04-26 13:28:26
61,www.fiercepharma.com,https://www.fiercepharma.com/person/fraiser-kansteiner-0,non-gambling,2026-04-26 13:28:27
62,www.fiercepharma.com,https://www.fiercepharma.com/manufacturing/ardenas-us-plant-buy-pays-cdmo-weathers-rough-geopolitical-waters,non-gambling,2026-04-26 13:28:28
63,www.fiercepharma.com,https://www.fiercepharma.com/pharma/gsk-offers-alteogen-285m-subq-jemperli-licensing-pact,non-gambling,2026-04-26 13:28:30
64,www.fiercepharma.com,https://www.fiercepharma.com/pharma/abbvie-drops-175m-arizona-drug-device-plant-amid-broader-us-investment-pledging-hire-200,non-gambling,2026-04-26 13:28:31
65,www.fiercepharma.com,https://www.fiercepharma.com/manufacturing/supernus-pauses-new-patient-starts-parkinsons-pump-onapgo-citing-higher-expected,non-gambling,2026-04-26 13:28:32
66,www.fiercepharma.com,https://www.fiercepharma.com/manufacturing/german-drug-delivery-pro-lts-grows-us-contract-manufacturing-footprint-renaissance,non-gambling,2026-04-26 13:28:33
67,www.fiercepharma.com,https://www.fiercepharma.com/pharma/analyst-turned-executive-andrew-baum-leaves-his-strategy-post-pfizer-reports,non-gambling,2026-04-26 13:28:35
68,www.fiercepharma.com,https://www.fiercepharma.com/person/zoey-becker,non-gambling,2026-04-26 13:28:37
69,www.fiercepharma.com,https://www.fiercepharma.com/ai-and-machine-learning/novartis-ceo-vas-narasimhan-joins-anthropic-board-pharmas-link-ai-deepens,non-gambling,2026-04-26 13:28:38
70,www.fiercepharma.com,https://www.fiercepharma.com/marketing/envision-hires-concertai-iqvia-alum-nick-jones-its-med-comms-president,non-gambling,2026-04-26 13:28:39
71,www.fiercepharma.com,https://www.fiercepharma.com/marketing/evotec-hires-exec-ai-experience-lead-rebooted-commercial-team,non-gambling,2026-04-26 13:28:41
72,www.fiercepharma.com,https://www.fiercepharma.com/marketing/insulet-hires-stryker-vet-reinstating-commercial-chief-role-c-suite-overhaul-continues,non-gambling,2026-04-26 13:28:42
73,www.fiercepharma.com,https://www.fiercepharma.com/pharma/moderna-ceo-stephane-bancel-2025-pay-hits-199m-cash-bonus-more-doubles,non-gambling,2026-04-26 13:28:43
74,www.fiercepharma.com,https://www.fiercepharma.com/manufacturing/pfizers-cost-cutting-push-reaches-ireland-again-it-plans-manufacturing-layoffs,non-gambling,2026-04-26 13:28:45
75,www.fiercepharma.com,https://www.fiercepharma.com/pharma/regeneron-unveil-latest-most-favored-nation-drug-pricing-deal-white-house,non-gambling,2026-04-26 13:28:46
76,www.fiercepharma.com,https://www.fiercepharma.com/manufacturing/evonik-pump-eu80m-slovakian-biotech-production-facility-add-50-jobs,non-gambling,2026-04-26 13:28:47
77,www.fiercepharma.com,https://www.fiercepharma.com/manufacturing/abbvie-establish-nc-production-base-14b-investment-create-730-plus-jobs,non-gambling,2026-04-26 13:28:48
78,www.fiercepharma.com,https://www.fiercepharma.com/pharma/amneal-scores-11b-buyout-biosimilars-specialist-kashiv-biosciences,non-gambling,2026-04-26 13:28:50
79,www.fiercepharma.com,https://www.fiercepharma.com/manufacturing/shionogi-nabs-initial-119m-barda-build-us-antibiotic-plant,non-gambling,2026-04-26 13:28:51
80,www.fiercepharma.com,https://www.fiercepharma.com/pharma/biontech-telegraphs-closure-singapore-mrna-facility-amid-efforts-align-capacity,non-gambling,2026-04-26 13:28:52
81,www.fiercepharma.com,https://www.fiercepharma.com/manufacturing/german-cdmo-adragos-buys-french-sterile-injectables-plant-sanofi,non-gambling,2026-04-26 13:28:53
82,www.fiercepharma.com,https://www.fiercepharma.com/manufacturing/hoviones-expansions-come-online-cdmo-meets-industrys-dual-supply-and-sourcing-zeal,non-gambling,2026-04-26 13:28:55
83,www.fiercepharma.com,https://www.fiercepharma.com/manufacturing/teva-recalls-more-half-million-bottles-blood-pressure-med-possible-carcinogens,non-gambling,2026-04-26 13:28:56
84,www.fiercepharma.com,https://www.fiercepharma.com/manufacturing/unichem-pharma-recalls-muscle-relaxant-mislabeled-arthritis-drug,non-gambling,2026-04-26 13:28:57
85,www.fiercepharma.com,https://www.fiercepharma.com/manufacturing/alembic-sun-and-glenmark-issue-recalls-due-presence-carcinogens-and-foreign-matter,non-gambling,2026-04-26 13:28:59
86,www.fiercepharma.com,https://www.fiercepharma.com/manufacturing/orient-pharma-avkare-recall-almost-80k-bottles-cholesterol-drug-due-impurities,non-gambling,2026-04-26 13:29:00
87,www.fiercepharma.com,https://www.fiercepharma.com/manufacturing/bankrupt-nostrum-labs-recalls-ulcer-drug-wake-shuttering-operations,non-gambling,2026-04-26 13:29:02
88,www.fiercepharma.com,https://www.fiercepharma.com/manufacturing/granules-recalls-33000-bottles-blood-pressure-med-failing-meet-dissolution-specs,non-gambling,2026-04-26 13:29:03
89,www.fiercepharma.com,https://www.fiercepharma.com/manufacturing/strides-recalls-almost-90000-bottles-childrens-liquid-pain-meds-due-contamination,non-gambling,2026-04-26 13:29:04
90,www.fiercepharma.com,https://www.fiercepharma.com/manufacturing/fda-scolds-cdmo-simtra-warning-letter-contamination-issues,non-gambling,2026-04-26 13:29:06
91,www.fiercepharma.com,https://www.fiercepharma.com/manufacturing/indian-api-maker-cdymax-hit-warning-letter-related-raw-material-testing,non-gambling,2026-04-26 13:29:07
92,www.fiercepharma.com,https://www.fiercepharma.com/manufacturing/finding-birds-lizards-and-cats-fda-says-oh-my-hetero-scathing-form-483,non-gambling,2026-04-26 13:29:08
93,www.fiercepharma.com,https://www.fiercepharma.com/manufacturing/suns-gujarat-facility-put-fda-import-alert-ongoing-contamination-issues,non-gambling,2026-04-26 13:29:09
94,www.fiercepharma.com,https://www.fiercepharma.com/manufacturing/api-maker-hikal-slammed-warning-letter-after-repeated-complaints-contamination,non-gambling,2026-04-26 13:29:11
95,www.fiercepharma.com,https://www.fiercepharma.com/marketing/genentech-wants-all-eyes-dme-it-taps-damon-wayans-humor-laden-campaign,non-gambling,2026-04-26 13:29:12
96,www.fiercepharma.com,https://www.fiercepharma.com/person/ben-adams-0,non-gambling,2026-04-26 13:29:13
97,www.fiercepharma.com,https://www.fiercepharma.com/marketing/patients-less-confident-ever-about-health-choices-survey,non-gambling,2026-04-26 13:29:15
98,www.fiercepharma.com,https://www.fiercepharma.com/special-reports/top-20-pharma-companies-2025-revenue,non-gambling,2026-04-26 13:29:16
99,www.fiercepharma.com,https://www.fiercepharma.com/special-reports/top-10-drugs-losing-us-exclusivity-2026,non-gambling,2026-04-26 13:29:18
100,www.fiercepharma.com,https://www.fiercepharma.com/marketing/top-10-most-anticipated-drug-launches-2026,non-gambling,2026-04-26 13:29:19
101,www.fiercepharma.com,https://www.fiercepharma.com/pharma/top-10-biopharma-ma-deals-2025,non-gambling,2026-04-26 13:29:20
102,www.fiercepharma.com,https://www.fiercepharma.com/pharma/2025-drug-approvals,non-gambling,2026-04-26 13:29:22
103,www.fiercepharma.com,https://www.fiercepharma.com/pharma/2025s-fiercest-women-life-sciences,non-gambling,2026-04-26 13:29:23
104,www.fiercepharma.com,https://www.fiercepharma.com/marketing/abbvie-steps-plate-official-pharma-sponsor-mlb,non-gambling,2026-04-26 13:29:24
105,www.fiercepharma.com,https://www.fiercepharma.com/person/andrea-park-0,non-gambling,2026-04-26 13:29:25
106,www.fiercepharma.com,https://www.fiercepharma.com/manufacturing/radiopharma-cdmo-nucleus-lays-out-plan-boost-manufacturing-will-increase-access,non-gambling,2026-04-26 13:29:27
107,www.fiercepharma.com,https://www.fiercepharma.com/special-reports/fierce-50-breakthroughs-category,non-gambling,2026-04-26 13:29:28
108,www.fiercepharma.com,https://www.fiercepharma.com/special-reports/fierce-50-patient-advocacy-category,non-gambling,2026-04-26 13:29:29
109,www.fiercepharma.com,https://www.fiercepharma.com/marketing/astrazeneca-and-american-cancer-society-continue-work-address-inequality-cancer-treatment,non-gambling,2026-04-26 13:29:31
110,www.fiercepharma.com,https://www.fiercepharma.com/marketing/beigene-wants-greater-blending-mental-health-cancer-care-new-survey-reveals-worrying-gaps,non-gambling,2026-04-26 13:29:32
111,www.fiercepharma.com,https://www.fiercepharma.com/manufacturing/usp-flags-hamstrung-starting-material-sourcing-latest-us-vulnerable-medicines-update,non-gambling,2026-04-26 13:29:33
112,www.fiercepharma.com,https://www.fiercepharma.com/pharma/after-lilly-az-pledges-novartis-commits-nearly-480m-boost-china-manufacturing-rd,non-gambling,2026-04-26 13:29:34
113,www.fiercepharma.com,https://www.fiercepharma.com/pharma/csls-hemgenix-manufacturing-related-temporary-global-stockout-sparking-treatment-delays,non-gambling,2026-04-26 13:29:36
114,www.fiercepharma.com,https://www.fiercepharma.com/marketing/mercks-new-ai-commercial-strategy-reimagining-engagement-hcps,non-gambling,2026-04-26 13:29:37
115,www.fiercepharma.com,https://www.fiercepharma.com/ai-and-machine-learning/merck-goes-google-ai-push-1b-enterprise-deal,non-gambling,2026-04-26 13:29:38
116,www.fiercepharma.com,https://www.fiercepharma.com/pharma/novo-taps-openai-deploy-ai-across-rd-manufacturing-and-corporate-functions,non-gambling,2026-04-26 13:29:39
117,www.fiercepharma.com,https://www.fiercepharma.com/keyword/regeneron-pharmaceuticals,non-gambling,2026-04-26 13:29:40
118,www.fiercepharma.com,https://www.fiercepharma.com/keyword/hearing-loss,non-gambling,2026-04-26 13:29:42
119,www.fiercepharma.com,https://www.fiercepharma.com/keyword/deafness,non-gambling,2026-04-26 13:29:43
120,www.fiercepharma.com,https://www.fiercepharma.com/pharma/italian-non-profit-fondazione-telethon-lands-fda-approval-first-gene-therapy-treat-rare,non-gambling,2026-04-26 13:29:45
121,www.fiercepharma.com,https://www.fiercepharma.com/keyword/commissioners-national-priority-voucher-cnpv,non-gambling,2026-04-26 13:29:46
122,www.fiercepharma.com,https://www.fiercepharma.com/keyword/drug-approval,non-gambling,2026-04-26 13:29:47
123,www.fiercepharma.com,https://www.fiercepharma.com/keyword/accelerated-approval,non-gambling,2026-04-26 13:29:49
124,www.fiercepharma.com,https://www.fiercepharma.com/keyword/eli-lilly,non-gambling,2026-04-26 13:29:50
125,www.fiercepharma.com,https://www.fiercepharma.com/keyword/foundayo,non-gambling,2026-04-26 13:29:52
126,www.fiercepharma.com,https://www.fiercepharma.com/keyword/novo-nordisk,non-gambling,2026-04-26 13:29:53
127,www.fiercepharma.com,https://www.fiercepharma.com/keyword/wegovy,non-gambling,2026-04-26 13:29:54
128,www.fiercepharma.com,https://www.fiercepharma.com/keyword/glp-1,non-gambling,2026-04-26 13:29:55
129,www.fiercepharma.com,https://www.fiercepharma.com/keyword/obesity-drugs,non-gambling,2026-04-26 13:29:57
130,www.fiercepharma.com,https://www.fiercepharma.com/keyword/weight-loss,non-gambling,2026-04-26 13:29:58
131,www.fiercepharma.com,https://www.fiercepharma.com/keyword/oral-drug-delivery,non-gambling,2026-04-26 13:30:00
132,www.fiercepharma.com,https://www.fiercepharma.com/keyword/semaglutide,non-gambling,2026-04-26 13:30:01
133,www.fiercepharma.com,https://www.fiercepharma.com/launches,non-gambling,2026-04-26 13:30:02
134,www.fiercepharma.com,https://www.fiercepharma.com/keyword/roche,non-gambling,2026-04-26 13:30:03
135,www.fiercepharma.com,https://www.fiercepharma.com/keyword/earnings,non-gambling,2026-04-26 13:30:04
136,www.fiercepharma.com,https://www.fiercepharma.com/keyword/vabysmo,non-gambling,2026-04-26 13:30:06
137,www.fiercepharma.com,https://www.fiercepharma.com/keyword/ocrevus,non-gambling,2026-04-26 13:30:07
138,www.fiercepharma.com,https://www.fiercepharma.com/pharma/roche-eyes-busy-2026-vabysmo-undershoots-targets-tecentriq-fails-early-lung-cancer-study,non-gambling,2026-04-26 13:30:08
139,www.fiercepharma.com,https://www.fiercepharma.com/pharma/sanofi-and-sobis-altuviiio-nabs-approval-poised-rival-roche-hemophilia-market,non-gambling,2026-04-26 13:30:09
140,www.fiercepharma.com,https://www.fiercepharma.com/pharma/roches-12-year-old-oncology-blockbuster-gazyva-snares-fda-nod-pivot-lupus-nephritis,non-gambling,2026-04-26 13:30:11
141,www.fiercepharma.com,https://www.fiercepharma.com/pharma/astrazeneca-fixed-duration-calquence-combo-wins-fda-nod-amid-mounting-cll-rivalry-beone,non-gambling,2026-04-26 13:30:12
142,www.fiercepharma.com,https://www.fiercepharma.com/keyword/teresa-graham,non-gambling,2026-04-26 13:30:13
143,www.fiercepharma.com,https://www.fiercepharma.com/keyword/hemlibra,non-gambling,2026-04-26 13:30:14
144,www.fiercepharma.com,https://www.fiercepharma.com/keyword/gazyva,non-gambling,2026-04-26 13:30:16
145,www.fiercepharma.com,https://www.fiercepharma.com/keyword/xofluza,non-gambling,2026-04-26 13:30:17
146,www.fiercepharma.com,https://www.fiercepharma.com/financials,non-gambling,2026-04-26 13:30:18
147,www.fiercepharma.com,https://www.fiercepharma.com/keyword/fda,non-gambling,2026-04-26 13:30:19
148,www.fiercepharma.com,https://www.fiercepharma.com/keyword/complete-response-letter,non-gambling,2026-04-26 13:30:21
149,www.fiercepharma.com,https://www.fiercepharma.com/keyword/botox,non-gambling,2026-04-26 13:30:22
150,www.fiercepharma.com,https://www.fiercepharma.com/keyword/abbvie,non-gambling,2026-04-26 13:30:23
151,www.fiercepharma.com,https://www.fiercepharma.com/pharma/abbvie-mounts-fresh-ira-legal-challenge-over-botoxs-inclusion-latest-drug-pricing,non-gambling,2026-04-26 13:30:24
152,www.fiercepharma.com,https://www.fiercepharma.com/pharma/citizen-petition-behalf-unnamed-pharma-calls-fda-tighten-its-crl-disclosure-practices,non-gambling,2026-04-26 13:30:26
153,www.fiercepharma.com,https://www.fiercepharma.com/keyword/european-medicines-agency,non-gambling,2026-04-26 13:30:27
154,www.fiercepharma.com,https://www.fiercepharma.com/keyword/chmp-recommendation,non-gambling,2026-04-26 13:30:28
155,www.fiercepharma.com,https://www.fiercepharma.com/keyword/sanofi,non-gambling,2026-04-26 13:30:30
156,www.fiercepharma.com,https://www.fiercepharma.com/keyword/novartis,non-gambling,2026-04-26 13:30:31
157,www.fiercepharma.com,https://www.fiercepharma.com/pharma/novartis-scores-fda-approval-new-version-sma-gene-therapy-prices-259m,non-gambling,2026-04-26 13:30:32
158,www.fiercepharma.com,https://www.fiercepharma.com/pharma/novartis-slaps-2m-plus-pricetag-newly-approved-gene-therapy-zolgensma,non-gambling,2026-04-26 13:30:34
159,www.fiercepharma.com,https://www.fiercepharma.com/pharma/after-chmp-nod-moderna-ceo-applauds-eus-rigorous-scientific-review,non-gambling,2026-04-26 13:30:36
160,www.fiercepharma.com,https://www.fiercepharma.com/pharma/arrowhead-strikes-true-1st-fda-approval-genetic-disorder-drug-ionis-competition-looms,non-gambling,2026-04-26 13:30:38
161,www.fiercepharma.com,https://www.fiercepharma.com/pharma/novartis-prostate-cancer-drug-pluvicto-wins-key-fda-nod-toward-5b-plus-sales-target,non-gambling,2026-04-26 13:30:39
162,www.fiercepharma.com,https://www.fiercepharma.com/pharma/soleno-breaks-through-fda-nod-prader-willi-syndrome-treatment-vykat-xr,non-gambling,2026-04-26 13:30:40
163,www.fiercepharma.com,https://www.fiercepharma.com/keyword/pluvicto,non-gambling,2026-04-26 13:30:42
164,www.fiercepharma.com,https://www.fiercepharma.com/keyword/arrowhead-pharmaceuticals,non-gambling,2026-04-26 13:30:43
165,www.fiercepharma.com,https://www.fiercepharma.com/keyword/daiichi-sankyo,non-gambling,2026-04-26 13:30:45
166,www.fiercepharma.com,https://www.fiercepharma.com/keyword/antibody-drug-conjugates,non-gambling,2026-04-26 13:30:46
167,www.fiercepharma.com,https://www.fiercepharma.com/keyword/drug-supply-plan,non-gambling,2026-04-26 13:30:48
168,www.fiercepharma.com,https://www.fiercepharma.com/pharma/trump-slaps-100-duties-imported-drugs-there-are-plenty-exceptions,non-gambling,2026-04-26 13:30:49
169,www.fiercepharma.com,https://www.fiercepharma.com/manufacturing/daiichi-sankyo-tallies-19b-enhertu-manufacturing-investments-across-globe-report,non-gambling,2026-04-26 13:30:51
170,www.fiercepharma.com,https://www.fiercepharma.com/pharma/daiichi-sankyo-navigates-complexity-success-enhertu-datroway-push-market-dominance,non-gambling,2026-04-26 13:30:52
171,www.fiercepharma.com,https://www.fiercepharma.com/pharma/daiichis-lung-cancer-adc-rejected-fda-blow-first-project-under-merck-partnership,non-gambling,2026-04-26 13:30:54
172,www.fiercepharma.com,https://www.fiercepharma.com/keyword/drug-manufacturing,non-gambling,2026-04-26 13:30:55
173,www.fiercepharma.com,https://www.fiercepharma.com/person/nick-paul-taylor,non-gambling,2026-04-26 13:30:56
174,www.fiercepharma.com,https://www.fiercepharma.com/keyword/travere-therapeutics,non-gambling,2026-04-26 13:30:58
175,www.fiercepharma.com,https://www.fiercepharma.com/keyword/filspari,non-gambling,2026-04-26 13:30:59
176,www.fiercepharma.com,https://www.fiercepharma.com/keyword/drug-launch,non-gambling,2026-04-26 13:31:01
177,www.fiercepharma.com,https://www.fiercepharma.com/keyword/kidney-disease,non-gambling,2026-04-26 13:31:02
178,www.fiercepharma.com,https://www.fiercepharma.com/pharma/ashes-trial-setback-travere-filspari-first-fda-approval-fsgs-treatment,non-gambling,2026-04-26 13:31:03
179,www.fiercepharma.com,https://www.fiercepharma.com/person/ayla-ellison,non-gambling,2026-04-26 13:31:04
180,www.fiercepharma.com,https://www.fiercepharma.com/keyword/top-line,non-gambling,2026-04-26 13:31:06
181,www.fiercepharma.com,https://www.fiercepharma.com/keyword/united-kingdom,non-gambling,2026-04-26 13:31:07
182,www.fiercepharma.com,https://www.fiercepharma.com/keyword/drug-prices,non-gambling,2026-04-26 13:31:08
183,www.fiercepharma.com,https://www.fiercepharma.com/keyword/tariffs,non-gambling,2026-04-26 13:31:10
184,www.fiercepharma.com,https://www.fiercepharma.com/pharma/uk-government-signs-us-uk-pharma-deal-ensuring-0-drug-tariffs-britain-looks-re-attract,non-gambling,2026-04-26 13:31:11
185,www.fiercepharma.com,https://www.fiercepharma.com/pharma/astrazenecas-soriot-considering-move-stock-listing-us-times,non-gambling,2026-04-26 13:31:12
186,www.fiercepharma.com,https://www.fiercepharma.com/keyword/podcast,non-gambling,2026-04-26 13:31:13
187,www.fiercepharma.com,https://www.fiercepharma.com/keyword/pfizer,non-gambling,2026-04-26 13:31:15
188,www.fiercepharma.com,https://www.fiercepharma.com/keyword/awareness-campaigns,non-gambling,2026-04-26 13:31:16
189,www.fiercepharma.com,https://www.fiercepharma.com/keyword/ispottv,non-gambling,2026-04-26 13:31:17
190,www.fiercepharma.com,https://www.fiercepharma.com/keyword/tv-ads,non-gambling,2026-04-26 13:31:18
191,www.fiercepharma.com,https://www.fiercepharma.com/marketing/pfizer-channels-al-pacino-spirited-world-cancer-day-ad,non-gambling,2026-04-26 13:31:20
192,www.fiercepharma.com,https://www.fiercepharma.com/marketing/nfl-star-travis-kelce-teams-pfizer-run-new-educational-covid-vaccine-shot-campaign,non-gambling,2026-04-26 13:31:22
193,www.fiercepharma.com,https://www.fiercepharma.com/marketing/pfizer-recruits-former-angel-latest-mission-against-cancer,non-gambling,2026-04-26 13:31:23
194,www.fiercepharma.com,https://www.fiercepharma.com/keyword/instagram,non-gambling,2026-04-26 13:31:24
195,www.fiercepharma.com,https://www.fiercepharma.com/keyword/south-africa,non-gambling,2026-04-26 13:31:34
196,www.fiercepharma.com,https://www.fiercepharma.com/keyword/vaccine-manufacturing,non-gambling,2026-04-26 13:31:36
197,www.fiercepharma.com,https://www.fiercepharma.com/keyword/funding,non-gambling,2026-04-26 13:31:37
198,www.fiercepharma.com,https://www.fiercepharma.com/keyword/european-commission,non-gambling,2026-04-26 13:31:38
199,www.fiercepharma.com,https://www.fiercepharma.com/manufacturing/south-africas-biovac-inks-double-deals-sanofi-eubiologics-bolster-african-supply,non-gambling,2026-04-26 13:31:39
200,www.fiercepharma.com,https://www.fiercepharma.com/keyword/gates-foundation,non-gambling,2026-04-26 13:31:41
201,www.polygon.com,https://www.polygon.com/guides,non-gambling,2026-04-26 13:31:46
202,www.polygon.com,https://www.polygon.com/gaming,non-gambling,2026-04-26 13:31:49
203,www.polygon.com,https://www.polygon.com/entertainment,non-gambling,2026-04-26 13:31:52
204,www.polygon.com,https://www.polygon.com/what-to-play,non-gambling,2026-04-26 13:31:54
205,www.polygon.com,https://www.polygon.com/what-to-watch,non-gambling,2026-04-26 13:31:57
206,www.polygon.com,https://www.polygon.com/map,non-gambling,2026-04-26 13:32:00
207,www.polygon.com,https://www.polygon.com/game/pragmata/40733,non-gambling,2026-04-26 13:32:02
208,www.polygon.com,https://www.polygon.com/pokemon-go-guide,non-gambling,2026-04-26 13:32:05
209,www.polygon.com,https://www.polygon.com/tabletop-games,non-gambling,2026-04-26 13:32:08
210,www.polygon.com,https://www.polygon.com/anime,non-gambling,2026-04-26 13:32:11
211,www.polygon.com,https://www.polygon.com/horror,non-gambling,2026-04-26 13:32:15
212,www.polygon.com,https://www.polygon.com/sci-fi,non-gambling,2026-04-26 13:32:17
213,www.polygon.com,https://www.polygon.com/fantasy,non-gambling,2026-04-26 13:32:20
214,www.polygon.com,https://www.polygon.com/videos,non-gambling,2026-04-26 13:32:23
215,www.polygon.com,https://www.polygon.com/page/newsletter,non-gambling,2026-04-26 13:32:25
216,www.polygon.com,https://www.polygon.com/ragnarok-online-daily-play,non-gambling,2026-04-26 13:32:30
217,www.polygon.com,https://www.polygon.com/features,non-gambling,2026-04-26 13:32:33
218,www.polygon.com,https://www.polygon.com/author/paulo-kawanishi,non-gambling,2026-04-26 13:32:35
219,www.polygon.com,https://www.polygon.com/new-article-1776989565,non-gambling,2026-04-26 13:32:38
220,www.polygon.com,https://www.polygon.com/author/matt-patches,non-gambling,2026-04-26 13:32:40
221,www.polygon.com,https://www.polygon.com/scarlet-witch-redemption-arc,non-gambling,2026-04-26 13:32:43
222,www.polygon.com,https://www.polygon.com/comics,non-gambling,2026-04-26 13:32:45
223,www.polygon.com,https://www.polygon.com/author/sara-century,non-gambling,2026-04-26 13:32:48
224,www.polygon.com,https://www.polygon.com/mother-mary-director-interview-david-lowery,non-gambling,2026-04-26 13:32:50
225,www.polygon.com,https://www.polygon.com/interviews,non-gambling,2026-04-26 13:32:53
226,www.polygon.com,https://www.polygon.com/author/jacob-kleinman,non-gambling,2026-04-26 13:32:55
227,www.polygon.com,https://www.polygon.com/2026-game-soundtrack-super-woden-rally-edge,non-gambling,2026-04-26 13:32:58
228,www.polygon.com,https://www.polygon.com/opinion,non-gambling,2026-04-26 13:33:01
229,www.polygon.com,https://www.polygon.com/author/oli-welsh,non-gambling,2026-04-26 13:33:03
230,www.polygon.com,https://www.polygon.com/returnal-5-year-anniversary-retrospecitve,non-gambling,2026-04-26 13:33:06
231,www.polygon.com,https://www.polygon.com/author/corey-plante,non-gambling,2026-04-26 13:33:08
232,www.polygon.com,https://www.polygon.com/spider-noir-second-trailer,non-gambling,2026-04-26 13:33:11
233,www.polygon.com,https://www.polygon.com/sydney-sweeney-immaculate-religious-horror-science-faith,non-gambling,2026-04-26 13:33:14
234,www.polygon.com,https://www.polygon.com/pragmata-ending-explainer-analysis,non-gambling,2026-04-26 13:33:16
235,www.polygon.com,https://www.polygon.com/kiln-recommendation,non-gambling,2026-04-26 13:33:19
236,www.polygon.com,https://www.polygon.com/wistoria-wand-and-sword-season-2-creators-interview,non-gambling,2026-04-26 13:33:22
237,www.polygon.com,https://www.polygon.com/pragmata-dad-game-hugh-actor-interview,non-gambling,2026-04-26 13:33:25
238,www.polygon.com,https://www.polygon.com/5-anime-coming-to-netflix-in-may-you-dont-want-to-miss,non-gambling,2026-04-26 13:33:27
239,www.polygon.com,https://www.polygon.com/smoking-behind-the-supermarket-trailer,non-gambling,2026-04-26 13:33:30
240,www.polygon.com,https://www.polygon.com/mewgenics-real-violence-feral-stray-cats-edmund-mcmillen,non-gambling,2026-04-26 13:33:33
241,www.polygon.com,https://www.polygon.com/april-fools-day-2026-gaming-jokes,non-gambling,2026-04-26 13:33:35
242,www.polygon.com,https://www.polygon.com/humor,non-gambling,2026-04-26 13:33:38
243,www.polygon.com,https://www.polygon.com/author/giovanni-colantonio,non-gambling,2026-04-26 13:33:41
244,www.polygon.com,https://www.polygon.com/tomodachi-life-living-the-dream-todd-howard,non-gambling,2026-04-26 13:33:44
245,www.polygon.com,https://www.polygon.com/game/tomodachi-life-living-the-dream/548029,non-gambling,2026-04-26 13:33:47
246,www.polygon.com,https://www.polygon.com/mario-talking-flower-hands-on,non-gambling,2026-04-26 13:33:49
247,www.polygon.com,https://www.polygon.com/impressions,non-gambling,2026-04-26 13:33:52
248,www.polygon.com,https://www.polygon.com/pragmata-beginners-tips-tricks,non-gambling,2026-04-26 13:33:55
249,www.polygon.com,https://www.polygon.com/pragmata-best-weapons-mods-how-to-get,non-gambling,2026-04-26 13:33:57
250,www.polygon.com,https://www.polygon.com/pragmata-mini-cabin-figure-locations,non-gambling,2026-04-26 13:34:00
251,www.polygon.com,https://www.polygon.com/pragmata-solar-power-plant-upgrade-components-locations,non-gambling,2026-04-26 13:34:03
252,www.polygon.com,https://www.polygon.com/pragmata-solar-power-plant-100-sector-walkthrough-rem-safe-box-lunum-location,non-gambling,2026-04-26 13:34:05
253,www.polygon.com,https://www.polygon.com/pragmata-sectorguard-boss-how-to-beat,non-gambling,2026-04-26 13:34:08
254,www.polygon.com,https://www.polygon.com/22652315/video-game-library-magazine-egm-game-informer-walmart-electronic-gaming-monthly,non-gambling,2026-04-26 13:34:11
255,www.polygon.com,https://www.polygon.com/retro-gaming-today,non-gambling,2026-04-26 13:34:13
256,www.polygon.com,https://www.polygon.com/author/cameron-kunzelman,non-gambling,2026-04-26 13:34:16
257,www.polygon.com,https://www.polygon.com/22640172/crt-monitors-flat-screens-retro-games-better-worse-old-tvs,non-gambling,2026-04-26 13:34:18
258,www.polygon.com,https://www.polygon.com/author/jordan-starkweather,non-gambling,2026-04-26 13:34:21
259,www.polygon.com,https://www.polygon.com/22640175/pinball-mclean-illinois-paradise-small-town-john-yates,non-gambling,2026-04-26 13:34:23
260,www.polygon.com,https://www.polygon.com/author/sophie-hurwitz,non-gambling,2026-04-26 13:34:26
261,www.polygon.com,https://www.polygon.com/marvel,non-gambling,2026-04-26 13:34:28
262,www.polygon.com,https://www.polygon.com/author/tomas-franzese,non-gambling,2026-04-26 13:34:31
263,www.polygon.com,https://www.polygon.com/author/debopriyaa-dutta,non-gambling,2026-04-26 13:34:34
264,www.polygon.com,https://www.polygon.com/analysis,non-gambling,2026-04-26 13:34:36
265,www.polygon.com,https://www.polygon.com/author/austin-manchester,non-gambling,2026-04-26 13:34:39
266,www.polygon.com,https://www.polygon.com/author/francesco-cacciatore,non-gambling,2026-04-26 13:34:42
267,www.polygon.com,https://www.polygon.com/author/ryan-epps,non-gambling,2026-04-26 13:34:44
268,www.polygon.com,https://www.polygon.com/trailer,non-gambling,2026-04-26 13:34:47
269,www.polygon.com,https://www.polygon.com/author/patricia-hernandez,non-gambling,2026-04-26 13:34:49
270,www.polygon.com,https://www.polygon.com/peak-developer-another-crabs-treasure-retrospective,non-gambling,2026-04-26 13:34:52
271,www.polygon.com,https://www.polygon.com/venom-video-game-insomniac-rumors,non-gambling,2026-04-26 13:34:55
272,www.polygon.com,https://www.polygon.com/news,non-gambling,2026-04-26 13:34:57
273,www.polygon.com,https://www.polygon.com/stranger-things-tales-from-85-real-ghostbusters-showrunner-interview,non-gambling,2026-04-26 13:35:00
274,www.polygon.com,https://www.polygon.com/stranger-things,non-gambling,2026-04-26 13:35:02
275,www.polygon.com,https://www.polygon.com/author/samantha-nelson,non-gambling,2026-04-26 13:35:05
276,www.polygon.com,https://www.polygon.com/xbox-game-pass-1-dollar-trial,non-gambling,2026-04-26 13:35:07
277,www.polygon.com,https://www.polygon.com/author/jen-glennon,non-gambling,2026-04-26 13:35:10
278,www.polygon.com,https://www.polygon.com/new-star-wars-planet-shakari-mandalorian-grogu-movie,non-gambling,2026-04-26 13:35:12
279,www.polygon.com,https://www.polygon.com/exclusives,non-gambling,2026-04-26 13:35:15
280,www.polygon.com,https://www.polygon.com/good-boy-haunted-house-subversive-horror-streaming-hulu,non-gambling,2026-04-26 13:35:17
281,www.polygon.com,https://www.polygon.com/sega-game-gear-35th-anniversary,non-gambling,2026-04-26 13:35:20
282,www.polygon.com,https://www.polygon.com/sci-fi-books-like-pragmata,non-gambling,2026-04-26 13:35:23
283,www.polygon.com,https://www.polygon.com/books,non-gambling,2026-04-26 13:35:25
284,www.polygon.com,https://www.polygon.com/author/rachael-conrad,non-gambling,2026-04-26 13:35:28
285,www.polygon.com,https://www.polygon.com/best-weapons-in-anime,non-gambling,2026-04-26 13:35:31
286,www.polygon.com,https://www.polygon.com/new-movies-to-watch-marty-supreme-apex-no-other-choice-april-24-2026,non-gambling,2026-04-26 13:35:34
287,www.polygon.com,https://www.polygon.com/ffxiv-2026-fan-fest-keynote-recap-evangelion-raid-free-trial,non-gambling,2026-04-26 13:35:36
288,www.polygon.com,https://www.polygon.com/author/josh-broadwell,non-gambling,2026-04-26 13:35:39
289,www.polygon.com,https://www.polygon.com/archive/2,non-gambling,2026-04-26 13:35:41
290,www.polygon.com,https://www.polygon.com/avatar-the-last-airbender-aang-movie-leaker-arrested,non-gambling,2026-04-26 13:35:44
291,www.polygon.com,https://www.polygon.com/the-boys-spinoff-gen-v-canceled-season-3,non-gambling,2026-04-26 13:35:47
292,www.polygon.com,https://www.polygon.com/spider-man-tombstone-explainer,non-gambling,2026-04-26 13:35:49
293,www.polygon.com,https://www.polygon.com/work-with-us,non-gambling,2026-04-26 13:35:52
294,www.polygon.com,https://www.polygon.com/page/about,non-gambling,2026-04-26 13:35:54
295,www.polygon.com,https://www.polygon.com/page/press-events,non-gambling,2026-04-26 13:35:57
296,www.polygon.com,https://www.polygon.com/page/editorial-ethics-and-guidelines,non-gambling,2026-04-26 13:36:00
297,www.polygon.com,https://www.polygon.com/page/community-guidelines,non-gambling,2026-04-26 13:36:02
298,www.polygon.com,https://www.polygon.com/page/media,non-gambling,2026-04-26 13:36:05
299,www.polygon.com,https://www.polygon.com/contact,non-gambling,2026-04-26 13:36:07
300,www.polygon.com,https://www.polygon.com/diablo-4-d4-lord-of-hatred-loh-dlc-release-time-edt-pdt,non-gambling,2026-04-26 13:36:10
301,www.polygon.com,https://www.polygon.com/vampire-crawlers-evolutions-all-card-combinations,non-gambling,2026-04-26 13:36:12
302,www.polygon.com,https://www.polygon.com/author/marloes-valentina-stella,non-gambling,2026-04-26 13:36:15
303,www.polygon.com,https://www.polygon.com/vampire-crawlers-mana-how-to-get-more,non-gambling,2026-04-26 13:36:17
304,www.polygon.com,https://www.polygon.com/vampire-crawlers-beginners-tips-tricks,non-gambling,2026-04-26 13:36:20
305,www.polygon.com,https://www.polygon.com/vampire-crawlers-combos-explained,non-gambling,2026-04-26 13:36:23
306,www.polygon.com,https://www.polygon.com/vampire-crawlers-heal-hp-recovery-how-to,non-gambling,2026-04-26 13:36:26
307,www.polygon.com,https://www.polygon.com/the-witcher-3-wild-hunt-max-level-cap-dlc,non-gambling,2026-04-26 13:36:28
308,www.polygon.com,https://www.polygon.com/tides-of-tomorrow-explore-the-lab-quest-walkthrough-correct-sample,non-gambling,2026-04-26 13:36:31
309,www.polygon.com,https://www.polygon.com/tides-of-tomorrow-ozen-should-you-take-from-nahe,non-gambling,2026-04-26 13:36:34
310,www.polygon.com,https://www.polygon.com/map/crimson-desert-abyss-interactive,non-gambling,2026-04-26 13:36:36
311,www.polygon.com,https://www.polygon.com/author/polygon-staff,non-gambling,2026-04-26 13:36:38
312,www.polygon.com,https://www.polygon.com/pragmata-secret-ending-unknown-signal-how-to-get,non-gambling,2026-04-26 13:36:41
313,www.polygon.com,https://www.polygon.com/author/johnny-yu,non-gambling,2026-04-26 13:36:44
314,www.polygon.com,https://www.polygon.com/honkai-star-rail-hsr-version-4-2-release-times-maintenance-end,non-gambling,2026-04-26 13:36:46
315,www.polygon.com,https://www.polygon.com/honkai-star-rail-guides,non-gambling,2026-04-26 13:36:49
316,www.polygon.com,https://www.polygon.com/author/julia-lee,non-gambling,2026-04-26 13:36:51
317,www.polygon.com,https://www.polygon.com/mouse-pi-for-hire-shrewd-shrews-door-numbers-code-the-depths,non-gambling,2026-04-26 13:36:54
318,www.polygon.com,https://www.polygon.com/author/ford-james,non-gambling,2026-04-26 13:36:56
319,www.polygon.com,https://www.polygon.com/hello-kitty-island-adventure-guides/518836/tophat-gudetama-location-map-week-where-to-find,non-gambling,2026-04-26 13:36:58
320,www.polygon.com,https://www.polygon.com/hello-kitty-island-adventure-guides,non-gambling,2026-04-26 13:37:01
321,www.polygon.com,https://www.polygon.com/pragmata-gigantic-bot-creator-boss-how-to-beat,non-gambling,2026-04-26 13:37:03
322,www.polygon.com,https://www.polygon.com/heartopia-codes-redeem-how-to,non-gambling,2026-04-26 13:37:06
323,www.polygon.com,https://www.polygon.com/heartopia-guides,non-gambling,2026-04-26 13:37:08
324,www.polygon.com,https://www.polygon.com/wow-world-of-warcraft-12-0-5-release-time-edt-pdt,non-gambling,2026-04-26 13:37:11
325,www.polygon.com,https://www.polygon.com/pokemon-pokopia-jump-rope-contest-event-bulbasaur,non-gambling,2026-04-26 13:37:13
326,www.polygon.com,https://www.polygon.com/pragmata-terra-dome-100-sector-walkthrough-rem-safe-box-lunum-location,non-gambling,2026-04-26 13:37:16
327,www.polygon.com,https://www.polygon.com/pragmata-mass-production-array-100-sector-walkthrough-rem-pure-lunum-location,non-gambling,2026-04-26 13:37:19
328,www.polygon.com,https://www.polygon.com/pragmata-central-port-100-sector-walkthrough-safe-box-rem-location,non-gambling,2026-04-26 13:37:23
329,www.polygon.com,https://www.polygon.com/pragmata-experimental-pragmatics-walkthrough,non-gambling,2026-04-26 13:37:26
330,www.polygon.com,https://www.polygon.com/guides/2,non-gambling,2026-04-26 13:37:28
331,www.polygon.com,https://www.polygon.com/most-popular,non-gambling,2026-04-26 13:37:31
332,www.polygon.com,https://www.polygon.com/ffxiv-switch-2-release-date-extra-subscription,non-gambling,2026-04-26 13:37:33
333,www.polygon.com,https://www.polygon.com/battlefield-movie-michael-b-jordan,non-gambling,2026-04-26 13:37:36
334,www.polygon.com,https://www.polygon.com/author/michael-mcwhertor,non-gambling,2026-04-26 13:37:38
335,www.polygon.com,https://www.polygon.com/best-new-xbox-game-pass-april-24,non-gambling,2026-04-26 13:37:41
336,www.polygon.com,https://www.polygon.com/ffxiv-8-0-release-date-evercold-trailer-ff14,non-gambling,2026-04-26 13:37:44
337,www.polygon.com,https://www.polygon.com/clair-obscur-expedition-33-endings-plot-twists,non-gambling,2026-04-26 13:37:47
338,www.polygon.com,https://www.polygon.com/steam-golden-week-sales-2026,non-gambling,2026-04-26 13:37:49
339,www.polygon.com,https://www.polygon.com/bg3-baldurs-gate-3-astarion-prequel-novel-release-date,non-gambling,2026-04-26 13:37:52
340,www.polygon.com,https://www.polygon.com/clair-obscur-expedition-33-one-year-later-retrospective,non-gambling,2026-04-26 13:37:55
341,www.polygon.com,https://www.polygon.com/clair-obscur-expedition-33-anniversary-update-steam-sale,non-gambling,2026-04-26 13:37:58
342,www.polygon.com,https://www.polygon.com/gta-6-release-date-earnings-call-podcast,non-gambling,2026-04-26 13:38:00
343,www.polygon.com,https://www.polygon.com/hell-let-loose-vietnam-preview,non-gambling,2026-04-26 13:38:03
344,www.polygon.com,https://www.polygon.com/preview,non-gambling,2026-04-26 13:38:06
345,www.polygon.com,https://www.polygon.com/saros-review-roundup,non-gambling,2026-04-26 13:38:08
346,www.polygon.com,https://www.polygon.com/saros-review,non-gambling,2026-04-26 13:38:11
347,www.polygon.com,https://www.polygon.com/review,non-gambling,2026-04-26 13:38:13
348,www.polygon.com,https://www.polygon.com/gaming/2,non-gambling,2026-04-26 13:38:16
349,www.polygon.com,https://www.polygon.com/star-wars-echoes-of-the-empire-galaxy-edge,non-gambling,2026-04-26 13:38:18
350,www.polygon.com,https://www.polygon.com/star-wars,non-gambling,2026-04-26 13:38:21
351,www.polygon.com,https://www.polygon.com/author/aimee-hart,non-gambling,2026-04-26 13:38:24
352,www.polygon.com,https://www.polygon.com/the-acolyte-maul-shadow-lord,non-gambling,2026-04-26 13:38:26
353,www.polygon.com,https://www.polygon.com/stranger-things-tales-from-85-nikki-baxter-explained-showrunner-interview,non-gambling,2026-04-26 13:38:29
354,www.polygon.com,https://www.polygon.com/banned-simpsons-episode-michael-jackson,non-gambling,2026-04-26 13:38:33
355,www.polygon.com,https://www.polygon.com/animation-cartoons,non-gambling,2026-04-26 13:38:36
356,www.polygon.com,https://www.polygon.com/author/brian-vanhooker,non-gambling,2026-04-26 13:38:38
357,www.polygon.com,https://www.polygon.com/octavia-butler-survivor-reprint-star-trek-novel,non-gambling,2026-04-26 13:38:40
358,www.polygon.com,https://www.polygon.com/author/tasha-robinson,non-gambling,2026-04-26 13:38:44
359,www.polygon.com,https://www.polygon.com/no-other-choice-park-chan-wook-on-streaming,non-gambling,2026-04-26 13:38:47
360,www.polygon.com,https://www.polygon.com/author/jesse-hassenger,non-gambling,2026-04-26 13:38:49
361,www.polygon.com,https://www.polygon.com/princess-knight-shojo-manga-netflix-adaptation-anime-film,non-gambling,2026-04-26 13:38:52
362,www.polygon.com,https://www.polygon.com/apex-netflix-review-charlize-theron,non-gambling,2026-04-26 13:38:55
363,www.polygon.com,https://www.polygon.com/entertainment/2,non-gambling,2026-04-26 13:38:57
364,www.polygon.com,https://www.polygon.com/best-local-coop-games,non-gambling,2026-04-26 13:39:00
365,www.polygon.com,https://www.polygon.com/best-ps5-games-playstation-5,non-gambling,2026-04-26 13:39:04
366,www.polygon.com,https://www.polygon.com/dragon-ball-xenoverse-2-leaving-xbox-game-pass-recommendation,non-gambling,2026-04-26 13:39:08
367,www.polygon.com,https://www.polygon.com/recommends,non-gambling,2026-04-26 13:39:10
368,www.polygon.com,https://www.polygon.com/dragon-ball-xenoverse-3-should-learn-from-xenoverse-2s-biggest-flaws,non-gambling,2026-04-26 13:39:13
369,www.polygon.com,https://www.polygon.com/action,non-gambling,2026-04-26 13:39:15
370,www.polygon.com,https://www.polygon.com/best-xbox-game-pass-april-17,non-gambling,2026-04-26 13:39:18
371,www.polygon.com,https://www.polygon.com/the-strangest-influence-on-sentenced-to-be-a-hero-is-a-fighter-jet-sim-and-it-works,non-gambling,2026-04-26 13:39:20
372,www.polygon.com,https://www.polygon.com/best-xbox-game-pass-games,non-gambling,2026-04-26 13:39:23
373,www.polygon.com,https://www.polygon.com/hades-2-ps5-xbox-series-x-game-pass-launch-recommendation,non-gambling,2026-04-26 13:39:26
374,www.polygon.com,https://www.polygon.com/racing-game-roundup-2026-forza-horizon-6,non-gambling,2026-04-26 13:39:28
375,www.polygon.com,https://www.polygon.com/best-game-pass-games-april-10-2026,non-gambling,2026-04-26 13:39:31
376,www.polygon.com,https://www.polygon.com/tr-49-nintendo-switch-recommendation,non-gambling,2026-04-26 13:39:34
377,www.polygon.com,https://www.polygon.com/super-mario-galaxy-movie-game-recommendations,non-gambling,2026-04-26 13:39:36
378,www.polygon.com,https://www.polygon.com/best-game-pass-games-april-3-2026,non-gambling,2026-04-26 13:39:39
379,www.polygon.com,https://www.polygon.com/guardians-galaxy-mass-effect-steam-sale,non-gambling,2026-04-26 13:39:42
380,www.polygon.com,https://www.polygon.com/best-new-pc-steam-games-april-2026,non-gambling,2026-04-26 13:39:44
381,www.polygon.com,https://www.polygon.com/best-new-xbox-games-april-2026,non-gambling,2026-04-26 13:39:47
382,www.polygon.com,https://www.polygon.com/new-switch-2-games-april-2026,non-gambling,2026-04-26 13:39:50
383,www.polygon.com,https://www.polygon.com/best-ps5-games-coming-out-april-2026,non-gambling,2026-04-26 13:39:52
384,www.polygon.com,https://www.polygon.com/best-xbox-game-pass-games-march-27-2026,non-gambling,2026-04-26 13:39:55
385,www.polygon.com,https://www.polygon.com/best-switch-2-games,non-gambling,2026-04-26 13:39:58
386,www.polygon.com,https://www.polygon.com/steam-free-games-march-2026,non-gambling,2026-04-26 13:40:00
387,www.polygon.com,https://www.polygon.com/what-to-play/2,non-gambling,2026-04-26 13:40:03
388,www.polygon.com,https://www.polygon.com/battlestar-galactica-reboot-2004-where-to-stream,non-gambling,2026-04-26 13:40:05
389,www.polygon.com,https://www.polygon.com/mortal-kombat-2021-adaptation-reboot-retrospective,non-gambling,2026-04-26 13:40:08
390,www.polygon.com,https://www.polygon.com/dorohedoro-season-2-netflix-impressions-characters,non-gambling,2026-04-26 13:40:10
391,www.polygon.com,https://www.polygon.com/kit-connors-elden-ring-casting-makes-perfect-sense-if-youve-seen-his-underrated-war-movie,non-gambling,2026-04-26 13:40:13
392,www.polygon.com,https://www.polygon.com/5-movies-to-watch-while-playing-pragmata,non-gambling,2026-04-26 13:40:15
393,www.polygon.com,https://www.polygon.com/nippon-sangoku-prime-video-anime-kojima-recommends,non-gambling,2026-04-26 13:40:18
394,www.polygon.com,https://www.polygon.com/mummies-alive-animated-series,non-gambling,2026-04-26 13:40:21
395,www.polygon.com,https://www.polygon.com/wonder-woman-lynda-carter-50-year-anniversary,non-gambling,2026-04-26 13:40:23
396,www.polygon.com,https://www.polygon.com/5-surreal-and-striking-sci-fi-anime-to-watch-while-playing-pragmata,non-gambling,2026-04-26 13:40:26
397,www.polygon.com,https://www.polygon.com/tubi-ai-chatbot-best-sci-fi-movies,non-gambling,2026-04-26 13:40:29
398,www.polygon.com,https://www.polygon.com/dust-bunny-bryan-fuller-mads-mikkelsen-streaming-hbo-max,non-gambling,2026-04-26 13:40:31
399,www.polygon.com,https://www.polygon.com/jojos-bizarre-adventure-part-one-phantom-blood-defense-retrospective,non-gambling,2026-04-26 13:40:34
400,www.polygon.com,https://www.polygon.com/new-movies-to-watch-dust-bunny-night-patrol-undertone-april-17-2026,non-gambling,2026-04-26 13:40:37
