id,domain,original_url,label
1,garuda368jp.art,https://garuda368jp.art,gambling
2,gacor108b.xyz,https://gacor108b.xyz,gambling
3,kuda898jepe.online,https://kuda898jepe.online,gambling
4,zeus345win.online,https://zeus345win.online,gambling
5,zeus138jp.org,https://zeus138jp.org,gambling
6,46-dt138.top,https://46-dt138.top,gambling
7,77betsportsd.za.com,https://77betsportsd.za.com,gambling
8,basic4dside.store,https://basic4dside.store,gambling
9,nona778.online,https://nona778.online,gambling
10,multibet88cc.online,https://multibet88cc.online,gambling
11,depo77alter2.cfd,https://depo77alter2.cfd,gambling
12,kue68jpe.site,https://kue68jpe.site,gambling
13,rajamenang2.online,https://rajamenang2.online,gambling
14,osaka88mm.site,https://osaka88mm.site,gambling
15,duren777bb.site,https://duren777bb.site,gambling
16,bintang11a.app,https://bintang11a.app,gambling
17,maxwin717top.online,https://maxwin717top.online,gambling
18,maxwin303win.space,https://maxwin303win.space,gambling
19,toto17a.com,https://toto17a.com,gambling
20,bdslot88natal.com,https://bdslot88natal.com,gambling
21,dewa878jp.online,https://dewa878jp.online,gambling
22,dewa90a.com,https://dewa90a.com,gambling
23,vip855jp.online,https://vip855jp.online,gambling
24,surga19jepe.online,https://surga19jepe.online,gambling
25,badak117ori.online,https://badak117ori.online,gambling
26,hoki108b.org,https://hoki108b.org,gambling
27,badak178kyc.site,https://badak178kyc.site,gambling
28,jago799.it.com,https://jago799.it.com,gambling
29,badak178id.com,https://badak178id.com,gambling
30,lokasicjp.pro,https://lokasicjp.pro,gambling
31,badak178bb.space,https://badak178bb.space,gambling
32,playwin123jp.online,https://playwin123jp.online,gambling
33,badak178pgs.online,https://badak178pgs.online,gambling
34,slot337sportse.com,https://slot337sportse.com,gambling
35,produmacantoto.shop,https://produmacantoto.shop,gambling
36,badak178gas.space,https://badak178gas.space,gambling
37,slot-mjpvaxn0.kencana28.site,https://slot-mjpvaxn0.kencana28.site,gambling
38,buaya222vip.online,https://buaya222vip.online,gambling
39,buaya1388login.online,https://buaya1388login.online,gambling
40,linkmaxwin588.online,https://linkmaxwin588.online,gambling
41,naga15a.one,https://naga15a.one,gambling
42,linkgacor877.online,https://linkgacor877.online,gambling
43,sand77hoki.online,https://sand77hoki.online,gambling
44,raja222win.online,https://raja222win.online,gambling
45,slot8895.online,https://slot8895.online,gambling
46,hokislot95.site,https://hokislot95.site,gambling
47,slot888pestawd100jt.online,https://slot888pestawd100jt.online,gambling
48,texas88gac0r.site,https://texas88gac0r.site,gambling
49,ultislot88.net,https://ultislot88.net,gambling
50,jawa178.site,https://jawa178.site,gambling
51,jackpot108jp.online,https://jackpot108jp.online,gambling
52,mpo121vip.online,https://mpo121vip.online,gambling
53,toto12winjp.online,https://toto12winjp.online,gambling
54,ash88pro.site,https://ash88pro.site,gambling
55,toto33maxwin.online,https://toto33maxwin.online,gambling
56,idrhokim4.com,https://idrhokim4.com,gambling
57,vip.indohki77.store,https://vip.indohki77.store,gambling
58,jalanninja2.store,https://jalanninja2.store,gambling
59,gosbb99.shop,https://gosbb99.shop,gambling
60,qqstar.co.uk,https://qqstar.co.uk,gambling
61,togel108gacor.online,https://togel108gacor.online,gambling
62,ayam788.online,https://ayam788.online,gambling
63,homebet88gacor.world,https://homebet88gacor.world,gambling
64,nustoto.com,https://nustoto.com,gambling
65,manggatoto.live,https://manggatoto.live,gambling
66,akayatoto1.com,https://akayatoto1.com,gambling
67,aa02.kurniacuan.com,https://aa02.kurniacuan.com,gambling
68,hss4dc.com,https://hss4dc.com,gambling
69,citibet88.cloud,https://citibet88.cloud,gambling
70,pphoki.com,https://pphoki.com,gambling
71,amp-gacorx500.net,https://amp-gacorx500.net,gambling
72,gacorx500cm.top,https://gacorx500cm.top,gambling
73,hokicrut.site,https://hokicrut.site,gambling
74,dealmaxwin.chat,https://dealmaxwin.chat,gambling
75,899sports.id,https://899sports.id,gambling
76,mambawingacor.com,https://mambawingacor.com,gambling
77,hokicasto.com,https://hokicasto.com,gambling
78,swotin.site,https://swotin.site,gambling
79,nomor777.net,https://nomor777.net,gambling
80,king.ledak188-pit.com,https://king.ledak188-pit.com,gambling
81,bandarmitosbet.online,https://bandarmitosbet.online,gambling
82,kudetabet98cottonjackpot.com,https://kudetabet98cottonjackpot.com,gambling
83,zeusghacor.com,https://zeusghacor.com,gambling
84,zeusgacorslot.com,https://zeusgacorslot.com,gambling
85,zeusgacor99.net,https://zeusgacor99.net,gambling
86,amp.igmaxwin.com,https://amp.igmaxwin.com,gambling
87,villatogel1.site,https://villatogel1.site,gambling
88,supertogel.id,https://supertogel.id,gambling
89,ayeaye.space,https://ayeaye.space,gambling
90,ciamistoto8000.com,https://ciamistoto8000.com,gambling
91,8tburn.com,https://8tburn.com,gambling
92,kotatogel.com,https://kotatogel.com,gambling
93,minitotobisa.com,https://minitotobisa.com,gambling
94,toto77-mobile.com,https://toto77-mobile.com,gambling
95,youngtoto.com,https://youngtoto.com,gambling
96,bebsebelas.com,https://bebsebelas.com,gambling
97,kuy4donline.top,https://kuy4donline.top,gambling
98,koipadang.com,https://koipadang.com,gambling
99,sigmatoto.com,https://sigmatoto.com,gambling
100,torpedo4d.com,https://torpedo4d.com,gambling
101,ubertogel.net,https://ubertogel.net,gambling
102,jitutoto-amp.com,https://jitutoto-amp.com,gambling
103,danamitosbet.site,https://danamitosbet.site,gambling
104,ulartoto.com,https://ulartoto.com,gambling
105,alidodo157.alitotogacor.net,https://alidodo157.alitotogacor.net,gambling
106,vw108jaya.online,https://vw108jaya.online,gambling
107,nagacuan-ms.site,https://nagacuan-ms.site,gambling
108,amp-mawartoto117.pages.dev,https://amp-mawartoto117.pages.dev,gambling
109,triomacantoto.store,https://triomacantoto.store,gambling
110,raja787gac0r.site,https://raja787gac0r.site,gambling
111,indobet11gac0r.site,https://indobet11gac0r.site,gambling
112,nagahoki69login2.site,https://nagahoki69login2.site,gambling
113,slot77asliresmi.online,https://slot77asliresmi.online,gambling
114,rajaslot80.com,https://rajaslot80.com,gambling
115,ledak311hoki.site,https://ledak311hoki.site,gambling
116,cina2.xyz,https://cina2.xyz,gambling
117,w33slotpromo.com,https://w33slotpromo.com,gambling
118,ratuu23.sbs,https://ratuu23.sbs,gambling
119,login.klikmenang.cc,https://login.klikmenang.cc,gambling
120,5.pentaslot.work,https://5.pentaslot.work,gambling
121,judii14.xyz,https://judii14.xyz,gambling
122,indokasino12.pialadunia.app,https://indokasino12.pialadunia.app,gambling
123,11.kaikoslot.sbs,https://11.kaikoslot.sbs,gambling
124,gacorwon91.com,https://gacorwon91.com,gambling
125,16des.rusia777.sbs,https://16des.rusia777.sbs,gambling
126,gabungdewa.com,https://gabungdewa.com,gambling
127,sv4.hokidewawin.com,https://sv4.hokidewawin.com,gambling
128,link13.koko88.website,https://link13.koko88.website,gambling
129,login17.bantengmerah.online,https://login17.bantengmerah.online,gambling
130,login-10.sigacor88.ink,https://login-10.sigacor88.ink,gambling
131,login-3.jackpotdewa.cc,https://login-3.jackpotdewa.cc,gambling
132,join.kupontoto.io,https://join.kupontoto.io,gambling
133,wongkito4dwin.com,https://wongkito4dwin.com,gambling
134,join.dewajitu.io,https://join.dewajitu.io,gambling
135,coba.dewahk.io,https://coba.dewahk.io,gambling
136,login.dewasgp.io,https://login.dewasgp.io,gambling
137,ba.berubah.cc,https://ba.berubah.cc,gambling
138,kp.pegashaha.cc,https://kp.pegashaha.cc,gambling
139,gacor770.shop,https://gacor770.shop,gambling
140,agen108d.online,https://agen108d.online,gambling
141,badak117link.online,https://badak117link.online,gambling
142,hoki108b.net,https://hoki108b.net,gambling
143,agen108top.online,https://agen108top.online,gambling
144,mahjongjepe88.online,https://mahjongjepe88.online,gambling
145,mahjong333ok.site,https://mahjong333ok.site,gambling
146,mahjongpg8808.online,https://mahjongpg8808.online,gambling
147,slot8808-alt2.online,https://slot8808-alt2.online,gambling
148,mahjongjp888.online,https://mahjongjp888.online,gambling
149,maha333hoki.online,https://maha333hoki.online,gambling
150,maha222vip.online,https://maha222vip.online,gambling
151,maha222pro.online,https://maha222pro.online,gambling
152,raja373pro.online,https://raja373pro.online,gambling
153,jackpot108dp.online,https://jackpot108dp.online,gambling
154,jackpot108depo.online,https://jackpot108depo.online,gambling
155,motowin77a.sa.com,https://motowin77a.sa.com,gambling
156,jackpot777.online,https://jackpot777.online,gambling
157,daftarpanen88.top,https://daftarpanen88.top,gambling
158,deposit909jp.online,https://deposit909jp.online,gambling
159,danatoto8808.online,https://danatoto8808.online,gambling
160,nanastoto898maxw1n.online,https://nanastoto898maxw1n.online,gambling
161,lunatogel606vip.online,https://lunatogel606vip.online,gambling
162,lunatogel105.online,https://lunatogel105.online,gambling
163,dewajepe.pics,https://dewajepe.pics,gambling
164,mw303hokii.space,https://mw303hokii.space,gambling
165,rtp177maxwin.site,https://rtp177maxwin.site,gambling
166,gacor108b.online,https://gacor108b.online,gambling
167,judol88win.site,https://judol88win.site,gambling
168,slotbd636.online,https://slotbd636.online,gambling
169,garuda366vip.online,https://garuda366vip.online,gambling
170,garuda366win.site,https://garuda366win.site,gambling
171,win135cuan.online,https://win135cuan.online,gambling
172,petir108winb.online,https://petir108winb.online,gambling
173,petir138jp.online,https://petir138jp.online,gambling
174,cuan132.online,https://cuan132.online,gambling
175,sobet88mwin.top,https://sobet88mwin.top,gambling
176,s1jphoki.site,https://s1jphoki.site,gambling
177,sbobet988slot.online,https://sbobet988slot.online,gambling
178,sbobet988slot.xyz,https://sbobet988slot.xyz,gambling
179,sbobet88parlay222.online,https://sbobet88parlay222.online,gambling
180,slotgampang.net,https://slotgampang.net,gambling
181,828betg.space,https://828betg.space,gambling
182,cuan365jpprime.online,https://cuan365jpprime.online,gambling
183,joker365win.online,https://joker365win.online,gambling
184,joker368win.site,https://joker368win.site,gambling
185,betwin199.online,https://betwin199.online,gambling
186,betogel108id.online,https://betogel108id.online,gambling
187,beton888vip.online,https://beton888vip.online,gambling
188,serveragenplay88.life,https://serveragenplay88.life,gambling
189,pastiwdd88.com,https://pastiwdd88.com,gambling
190,wdbos212pro.online,https://wdbos212pro.online,gambling
191,wd288asli.online,https://wd288asli.online,gambling
192,slot888pastiwd.online,https://slot888pastiwd.online,gambling
193,slot888jekpot100jt.online,https://slot888jekpot100jt.online,gambling
194,queen99turbo3.sbs,https://queen99turbo3.sbs,gambling
195,slot888gasbang.online,https://slot888gasbang.online,gambling
196,panen88gokil.online,https://panen88gokil.online,gambling
197,win4d77.online,https://win4d77.online,gambling
198,depo77gac0r.site,https://depo77gac0r.site,gambling
199,hoki17t0p.site,https://hoki17t0p.site,gambling
200,hoki138entry.site,https://hoki138entry.site,gambling
201,bosku777best.com,https://bosku777best.com,gambling
202,hoki138prize.com,https://hoki138prize.com,gambling
203,zeus432d.online,https://zeus432d.online,gambling
204,zeus4dtopcer.net,https://zeus4dtopcer.net,gambling
205,arena122play.online,https://arena122play.online,gambling
206,kaskustoto238win.online,https://kaskustoto238win.online,gambling
207,kaskustoto123jp.online,https://kaskustoto123jp.online,gambling
208,kaskustoto889.org,https://kaskustoto889.org,gambling
209,jaya389win.online,https://jaya389win.online,gambling
210,cair112win.online,https://cair112win.online,gambling
211,situsmega855.site,https://situsmega855.site,gambling
212,situsgacor777vip.site,https://situsgacor777vip.site,gambling
213,situshoki606.online,https://situshoki606.online,gambling
214,nagaplay333.online,https://nagaplay333.online,gambling
215,planetwin855.online,https://planetwin855.online,gambling
216,spinbet99d.online,https://spinbet99d.online,gambling
217,super345win.online,https://super345win.online,gambling
218,jitu268togel.online,https://jitu268togel.online,gambling
219,musang171bet.online,https://musang171bet.online,gambling
220,musangsl0t.online,https://musangsl0t.online,gambling
221,calo288pro.site,https://calo288pro.site,gambling
222,musang178z.space,https://musang178z.space,gambling
223,musang288wdregist.site,https://musang288wdregist.site,gambling
224,dewa138menangnih.com,https://dewa138menangnih.com,gambling
225,dewa138hf.com,https://dewa138hf.com,gambling
226,poker888jp.online,https://poker888jp.online,gambling
227,poker168apk.online,https://poker168apk.online,gambling
228,sengtotogel.online,https://sengtotogel.online,gambling
229,sengtotogelvip.online,https://sengtotogelvip.online,gambling
230,idrslot39.com,https://idrslot39.com,gambling
231,citibet88b.fit,https://citibet88b.fit,gambling
232,gaskan9.xyz,https://gaskan9.xyz,gambling
233,sengtoto2d.space,https://sengtoto2d.space,gambling
234,vip555gcr.online,https://vip555gcr.online,gambling
235,surga11wn.site,https://surga11wn.site,gambling
236,lotus389.online,https://lotus389.online,gambling
237,linktergacor687.online,https://linktergacor687.online,gambling
238,linksl0trans4t.world,https://linksl0trans4t.world,gambling
239,mawartop88.site,https://mawartop88.site,gambling
240,mawartotogel858.online,https://mawartotogel858.online,gambling
241,salaktoto99win.site,https://salaktoto99win.site,gambling
242,linkjepe138m.com,https://linkjepe138m.com,gambling
243,mpo76.net,https://mpo76.net,gambling
244,dewi173win.online,https://dewi173win.online,gambling
245,dewagacor99.org,https://dewagacor99.org,gambling
246,king.ayo788-pit.com,https://king.ayo788-pit.com,gambling
247,komodo677.site,https://komodo677.site,gambling
248,banteng778.online,https://banteng778.online,gambling
249,alexis128maxwin.site,https://alexis128maxwin.site,gambling
250,alexis313toto.online,https://alexis313toto.online,gambling
251,itxdcspo4c.rans4dlaju.com,https://itxdcspo4c.rans4dlaju.com,gambling
252,buayatogels.org,https://buayatogels.org,gambling
253,jaminjp.net,https://jaminjp.net,gambling
254,spbu777-juara.com,https://spbu777-juara.com,gambling
255,dewaraja89.com,https://dewaraja89.com,gambling
256,batik168.beauty,https://batik168.beauty,gambling
257,dewacukong88a.one,https://dewacukong88a.one,gambling
258,one.ovpn.one,https://one.ovpn.one,gambling
259,langit77gelojackpot.net,https://langit77gelojackpot.net,gambling
260,lh88s7.inihari88.cyou,https://lh88s7.inihari88.cyou,gambling
261,hokislot88a.com,https://hokislot88a.com,gambling
262,pmwdestroyer.store,https://pmwdestroyer.store,gambling
263,hotelsandown.com,https://hotelsandown.com,gambling
264,maxbos.net,https://maxbos.net,gambling
265,hoki178only.com,https://hoki178only.com,gambling
266,dewi88online.net,https://dewi88online.net,gambling
267,ip79vip.click,https://ip79vip.click,gambling
268,hokibet228.biz,https://hokibet228.biz,gambling
269,alt8.mantralink9.com,https://alt8.mantralink9.com,gambling
270,hokislot777.com,https://hokislot777.com,gambling
271,www.gacorslot.com,https://www.gacorslot.com,gambling
272,hk311silver.com,https://hk311silver.com,gambling
273,ampkawan.com,https://ampkawan.com,gambling
274,29empire-58.site,https://29empire-58.site,gambling
275,kudetabet98kreepejackpot.com,https://kudetabet98kreepejackpot.com,gambling
276,spbu77bet.com,https://spbu77bet.com,gambling
277,hoki7.net,https://hoki7.net,gambling
278,buaya4d.id,https://buaya4d.id,gambling
279,dewagacorslot.com,https://dewagacorslot.com,gambling
280,maxwintogel.org,https://maxwintogel.org,gambling
281,www.aehoki.net,https://www.aehoki.net,gambling
282,dewi88max.lol,https://dewi88max.lol,gambling
283,raja.ratukilat77qc.com,https://raja.ratukilat77qc.com,gambling
284,alexistoto99.org,https://alexistoto99.org,gambling
285,www.nomor777.net,https://www.nomor777.net,gambling
286,fokusraih10k.net,https://fokusraih10k.net,gambling
287,seo-sebatsekk.pages.dev,https://seo-sebatsekk.pages.dev,gambling
288,mapandong2.com,https://mapandong2.com,gambling
289,big777topp.com,https://big777topp.com,gambling
290,maxmaxan670.maxtotogacor.net,https://maxmaxan670.maxtotogacor.net,gambling
291,rajaslot88.org,https://rajaslot88.org,gambling
292,www.pastigacor88.com,https://www.pastigacor88.com,gambling
293,www.kapakbet.com,https://www.kapakbet.com,gambling
294,kudetabet98rangerjackpot.com,https://kudetabet98rangerjackpot.com,gambling
295,loginhokislot.com,https://loginhokislot.com,gambling
296,ayuntamientobalboa.es,https://ayuntamientobalboa.es,gambling
297,cinabos.club,https://cinabos.club,gambling
298,pulauslot77a.com,https://pulauslot77a.com,gambling
299,www.mediapulau.com,https://www.mediapulau.com,gambling
300,pulauslots.com,https://pulauslots.com,gambling
301,jitu99slot.top,https://jitu99slot.top,gambling
302,www.nagatoto88.com,https://www.nagatoto88.com,gambling
303,pulau888.net,https://pulau888.net,gambling
304,faster89.lat,https://faster89.lat,gambling
305,bom88fortune.net,https://bom88fortune.net,gambling
306,satudua0226.jagainpadang.cfd,https://satudua0226.jagainpadang.cfd,gambling
307,hokislot.vip,https://hokislot.vip,gambling
308,thedessertsfestival.com,https://thedessertsfestival.com,gambling
309,www.royal188pu.com,https://www.royal188pu.com,gambling
310,kawansbahagia.tokobuahsibolga.online,https://kawansbahagia.tokobuahsibolga.online,gambling
311,raffi777lga.buzz,https://raffi777lga.buzz,gambling
312,agensuma777.com,https://agensuma777.com,gambling
313,maxwintoto1.com,https://maxwintoto1.com,gambling
314,hokislothugo.website,https://hokislothugo.website,gambling
315,pulau77win.net,https://pulau77win.net,gambling
316,slot777.ad,https://slot777.ad,gambling
317,raffi88doublemajor.net,https://raffi88doublemajor.net,gambling
318,www.pasti-jp.org,https://www.pasti-jp.org,gambling
319,hokislot888.me,https://hokislot888.me,gambling
320,dewa96io.com,https://dewa96io.com,gambling
321,serbajp.com,https://serbajp.com,gambling
322,finalgamekeren.website,https://finalgamekeren.website,gambling
323,pulauslot1.com,https://pulauslot1.com,gambling
324,pasti-jp.org,https://pasti-jp.org,gambling
325,cipit88.co.com,https://cipit88.co.com,gambling
326,dewa222.org,https://dewa222.org,gambling
327,depo89-ok.space,https://depo89-ok.space,gambling
328,pulau88cuy.com,https://pulau88cuy.com,gambling
329,slotbom77lga.cfd,https://slotbom77lga.cfd,gambling
330,raffi88mungkinjackpot.net,https://raffi88mungkinjackpot.net,gambling
331,dewabos138.com,https://dewabos138.com,gambling
332,hoki77slot.com,https://hoki77slot.com,gambling
333,rpv8h5nkadgahqupldsq.delitotomasuk.com,https://rpv8h5nkadgahqupldsq.delitotomasuk.com,gambling
334,pulaujudiwebid.com,https://pulaujudiwebid.com,gambling
335,wwwhokislot.com,https://wwwhokislot.com,gambling
336,depo5k.net,https://depo5k.net,gambling
337,esseb-et.autos,https://esseb-et.autos,gambling
338,bos138ryl.cfd,https://bos138ryl.cfd,gambling
339,dewagacor1.org,https://dewagacor1.org,gambling
340,platinumslot88.com,https://platinumslot88.com,gambling
341,swplat959.platinumslotgacor.org,https://swplat959.platinumslotgacor.org,gambling
342,pulau77slot.net,https://pulau77slot.net,gambling
343,kangbetweb.com,https://kangbetweb.com,gambling
344,dewa222web.com,https://dewa222web.com,gambling
345,ms3.cipit88mil.space,https://ms3.cipit88mil.space,gambling
346,ibet899mau.store,https://ibet899mau.store,gambling
347,www.ablfoundation.org,https://www.ablfoundation.org,gambling
348,t8.taysentotonews.pro,https://t8.taysentotonews.pro,gambling
349,t7.taysentotonews.pro,https://t7.taysentotonews.pro,gambling
350,alexis-h.com,https://alexis-h.com,gambling
351,hoki70.org,https://hoki70.org,gambling
352,agencuanmu.xyz,https://agencuanmu.xyz,gambling
353,hokislot.com,https://hokislot.com,gambling
354,dewagarudads.site,https://dewagarudads.site,gambling
355,sipalingnaga.xyz,https://sipalingnaga.xyz,gambling
356,dewi88spwn.top,https://dewi88spwn.top,gambling
357,vegas338naga.vip,https://vegas338naga.vip,gambling
358,dewa-garuda.com,https://dewa-garuda.com,gambling
359,mjpku7.guru,https://mjpku7.guru,gambling
360,trektoto.net,https://trektoto.net,gambling
361,www.apelbet.org,https://www.apelbet.org,gambling
362,maxtoto.cc,https://maxtoto.cc,gambling
363,pgslot-aslii.com,https://pgslot-aslii.com,gambling
364,company-board.pages.dev,https://company-board.pages.dev,gambling
365,gcdiprojects.org,https://gcdiprojects.org,gambling
366,nagatoto.site,https://nagatoto.site,gambling
367,kkslot777sihir.com,https://kkslot777sihir.com,gambling
368,pastijp.asia,https://pastijp.asia,gambling
369,dewagacor888.net,https://dewagacor888.net,gambling
370,link.dewa1000.co,https://link.dewa1000.co,gambling
371,hoki82.com,https://hoki82.com,gambling
372,buayatogel.org,https://buayatogel.org,gambling
373,aneka969.net,https://aneka969.net,gambling
374,dewa234referral.org,https://dewa234referral.org,gambling
375,gak-capek-capek.pages.dev,https://gak-capek-capek.pages.dev,gambling
376,juawara-listen.space,https://juawara-listen.space,gambling
377,situsbuayatogel.online,https://situsbuayatogel.online,gambling
378,dewagacor99.com,https://dewagacor99.com,gambling
379,www.totomacaw1.com,https://www.totomacaw1.com,gambling
380,lotus789.site,https://lotus789.site,gambling
381,zeus4dtopcer.org,https://zeus4dtopcer.org,gambling
382,jackpot86aa.com,https://jackpot86aa.com,gambling
383,hokislot-88.net,https://hokislot-88.net,gambling
384,buayatogel1.com,https://buayatogel1.com,gambling
385,samm.ktpjitu.vip,https://samm.ktpjitu.vip,gambling
386,buaya77toto.com,https://buaya77toto.com,gambling
387,kudetabet98overpower.net,https://kudetabet98overpower.net,gambling
388,dewa11e.com,https://dewa11e.com,gambling
389,pulaujudi88.org,https://pulaujudi88.org,gambling
390,hokislot77.net,https://hokislot77.net,gambling
391,padukajp.net,https://padukajp.net,gambling
392,hokislot-99.com,https://hokislot-99.com,gambling
393,www.dewalive.com,https://www.dewalive.com,gambling
394,18nomor777.com,https://18nomor777.com,gambling
395,glorystarbetmxwn.lol,https://glorystarbetmxwn.lol,gambling
396,pulauslot88.com,https://pulauslot88.com,gambling
397,kuda811.online,https://kuda811.online,gambling
398,rodapulaukoin.com,https://rodapulaukoin.com,gambling
399,ingatcuan88.cc,https://ingatcuan88.cc,gambling
400,kangbetwon.pages.dev,https://kangbetwon.pages.dev,gambling
401,legenda.detik55-pit.com,https://legenda.detik55-pit.com,gambling
402,rafa77gogs.website,https://rafa77gogs.website,gambling
403,hoki77slot.net,https://hoki77slot.net,gambling
404,hoki-slot.com,https://hoki-slot.com,gambling
405,hokislot88.org,https://hokislot88.org,gambling
406,nagatoto4d.org,https://nagatoto4d.org,gambling
407,staging.skslot.com,https://staging.skslot.com,gambling
408,satutiga0226.jagainpadang.cfd,https://satutiga0226.jagainpadang.cfd,gambling
409,apexcuan.online,https://apexcuan.online,gambling
410,www-hokislot.com,https://www-hokislot.com,gambling
411,naikinbrand.com,https://naikinbrand.com,gambling
412,10kmantapjiwa.net,https://10kmantapjiwa.net,gambling
413,live.dwgcr138.com,https://live.dwgcr138.com,gambling
414,kudetabet98gamersjackpot.net,https://kudetabet98gamersjackpot.net,gambling
415,kudetabet98messagesjackpot.net,https://kudetabet98messagesjackpot.net,gambling
416,nagatoto168.it.com,https://nagatoto168.it.com,gambling
417,dewagacor77.org,https://dewagacor77.org,gambling
418,hoki77-slot.com,https://hoki77-slot.com,gambling
419,ggsoftasia128.shop,https://ggsoftasia128.shop,gambling
420,hokislot.cc,https://hokislot.cc,gambling
421,hoki-slot.net,https://hoki-slot.net,gambling
422,www.dewaslot.one,https://www.dewaslot.one,gambling
423,www.gokilwin.com,https://www.gokilwin.com,gambling
424,kudetabet98rumahjackpot.com,https://kudetabet98rumahjackpot.com,gambling
425,prvopodstata.com,https://prvopodstata.com,gambling
426,online.rajapanengacor.pics,https://online.rajapanengacor.pics,gambling
427,dewa222join.com,https://dewa222join.com,gambling
428,dewagacor69.net,https://dewagacor69.net,gambling
429,t21jepe.online,https://t21jepe.online,gambling
430,kadojepe.net,https://kadojepe.net,gambling
431,rajakambing.xyz,https://rajakambing.xyz,gambling
432,toto122.org,https://toto122.org,gambling
433,sobet88sg.ink,https://sobet88sg.ink,gambling
434,omitoto.org,https://omitoto.org,gambling
435,jeeptotoarena.org,https://jeeptotoarena.org,gambling
436,patung256.com,https://patung256.com,gambling
437,jepe1019.com,https://jepe1019.com,gambling
438,ibutoto.net,https://ibutoto.net,gambling
439,amp389sport.org,https://amp389sport.org,gambling
440,katoto.net,https://katoto.net,gambling
441,raffi777lga.cyou,https://raffi777lga.cyou,gambling
442,be-kit4d.com,https://be-kit4d.com,gambling
443,pilarjepe-mac.shop,https://pilarjepe-mac.shop,gambling
444,389sports-win.com,https://389sports-win.com,gambling
445,kudajitu.com,https://kudajitu.com,gambling
446,kuda-jitu.it.com,https://kuda-jitu.it.com,gambling
447,g76totokpk.site,https://g76totokpk.site,gambling
448,kudattlaju.tokosportbengkalis.online,https://kudattlaju.tokosportbengkalis.online,gambling
449,jumbotogels.com,https://jumbotogels.com,gambling
450,kudaberkah77.com,https://kudaberkah77.com,gambling
451,tiga20.hitocuan.com,https://tiga20.hitocuan.com,gambling
452,massatoto.com,https://massatoto.com,gambling
453,lancartoto.id,https://lancartoto.id,gambling
454,tanggatogeljp.com,https://tanggatogeljp.com,gambling
455,koirendi.it.com,https://koirendi.it.com,gambling
456,agencuanmu.icu,https://agencuanmu.icu,gambling
457,10feb1.altmeong3.live,https://10feb1.altmeong3.live,gambling
458,stevenspointsculpturepark.pages.dev,https://stevenspointsculpturepark.pages.dev,gambling
459,millet.captainwild.com,https://millet.captainwild.com,gambling
460,tiga.ltdtotobiru.com,https://tiga.ltdtotobiru.com,gambling
461,totohoki.org,https://totohoki.org,gambling
462,totohoki.click,https://totohoki.click,gambling
463,togelhok.net,https://togelhok.net,gambling
464,situstogelhok.forum,https://situstogelhok.forum,gambling
465,hoki4d.com,https://hoki4d.com,gambling
466,www.rejekihk.com,https://www.rejekihk.com,gambling
467,hoki.rejekitetaphoki.com,https://hoki.rejekitetaphoki.com,gambling
468,8hokitoto.motorcycles,https://8hokitoto.motorcycles,gambling
469,www.hoki88-top.com,https://www.hoki88-top.com,gambling
470,wginsovozr12225.pphoki77.win,https://wginsovozr12225.pphoki77.win,gambling
471,alexisfloryn.com,https://alexisfloryn.com,gambling
472,start.rogtotopilihan.org,https://start.rogtotopilihan.org,gambling
473,mawartotoalam.com,https://mawartotoalam.com,gambling
474,buaya77slot.net,https://buaya77slot.net,gambling
475,percayacapai10k.org,https://percayacapai10k.org,gambling
476,buaya77slotgacor.com,https://buaya77slotgacor.com,gambling
477,asu138.com,https://asu138.com,gambling
478,asuterpilih.vip,https://asuterpilih.vip,gambling
479,officialsultanslot.com,https://officialsultanslot.com,gambling
480,sultanslotheylink.com,https://sultanslotheylink.com,gambling
481,parisslot1.online,https://parisslot1.online,gambling
482,play.haricerah.cyou,https://play.haricerah.cyou,gambling
483,gaco88-quantum88.site,https://gaco88-quantum88.site,gambling
484,taktik88gameseru.cyou,https://taktik88gameseru.cyou,gambling
485,westernbedsets.com,https://westernbedsets.com,gambling
486,hi-fimagazine.com,https://hi-fimagazine.com,gambling
487,bdtogellssss.site,https://bdtogellssss.site,gambling
488,t6idr.com,https://t6idr.com,gambling
489,lichtakai.hyggeligt.best,https://lichtakai.hyggeligt.best,gambling
490,akai123sora.com,https://akai123sora.com,gambling
491,gaswd.rest,https://gaswd.rest,gambling
492,bandardarat.com,https://bandardarat.com,gambling
493,mpo2121play.com,https://mpo2121play.com,gambling
494,miniessay.pages.dev,https://miniessay.pages.dev,gambling
495,m77casino6.life,https://m77casino6.life,gambling
496,naga15c.com,https://naga15c.com,gambling
497,bbvhr2eeh1.bosbca.cfd,https://bbvhr2eeh1.bosbca.cfd,gambling
498,kangjitu.org,https://kangjitu.org,gambling
499,rangerlapak.xyz,https://rangerlapak.xyz,gambling
500,promolangit99.live,https://promolangit99.live,gambling
501,mona4damp.site,https://mona4damp.site,gambling
502,mona4dorg.pages.dev,https://mona4dorg.pages.dev,gambling
503,monas4d.net,https://monas4d.net,gambling
504,kingcobratoto88.it.com,https://kingcobratoto88.it.com,gambling
505,alexisxsians.com,https://alexisxsians.com,gambling
506,melvinloveyou.b-cdn.net,https://melvinloveyou.b-cdn.net,gambling
507,monafav.pages.dev,https://monafav.pages.dev,gambling
508,villasedap.site,https://villasedap.site,gambling
509,lajukencang.com,https://lajukencang.com,gambling
510,londojackpot168.com,https://londojackpot168.com,gambling
511,stadiumtogel.com,https://stadiumtogel.com,gambling
512,omacuanterang.com,https://omacuanterang.com,gambling
513,haotogel.com,https://haotogel.com,gambling
514,will-be-ok.info,https://will-be-ok.info,gambling
515,otminluyolx.b-cdn.net,https://otminluyolx.b-cdn.net,gambling
516,www.supertogel.id,https://www.supertogel.id,gambling
517,tenmaret.com,https://tenmaret.com,gambling
518,pestotookra.com,https://pestotookra.com,gambling
519,olxbas.com,https://olxbas.com,gambling
520,seduniamenu.com,https://seduniamenu.com,gambling
521,tembak-langit.b-cdn.net,https://tembak-langit.b-cdn.net,gambling
522,hptotoadek.com,https://hptotoadek.com,gambling
523,botol.omakita.info,https://botol.omakita.info,gambling
524,hebat-kamu-yahhh.pages.dev,https://hebat-kamu-yahhh.pages.dev,gambling
525,mawartotoatlas.com,https://mawartotoatlas.com,gambling
526,amp-axl2.b-cdn.net,https://amp-axl2.b-cdn.net,gambling
527,cucu-sugiono.colonymusic.art,http://cucu-sugiono.colonymusic.art,gambling
528,jotunvision.com,https://jotunvision.com,gambling
529,spbusembuh.com,https://spbusembuh.com,gambling
530,404otminluy.b-cdn.net,https://404otminluy.b-cdn.net,gambling
531,rajabandotdamai1.com,https://rajabandotdamai1.com,gambling
532,swiper-jangan-mencuri.b-cdn.net,https://swiper-jangan-mencuri.b-cdn.net,gambling
533,dua0326h.olxtoto.dev,https://dua0326h.olxtoto.dev,gambling
534,alexisprasians.com,https://alexisprasians.com,gambling
535,henghengdomain.com,https://henghengdomain.com,gambling
536,yjlr.vikingwonder.com,https://yjlr.vikingwonder.com,gambling
537,allo-google-totong.seokoitoto88.workers.dev,https://allo-google-totong.seokoitoto88.workers.dev,gambling
538,koibersih.com,https://koibersih.com,gambling
539,adamushroom.com,https://adamushroom.com,gambling
540,coloksgpemas.com,https://coloksgpemas.com,gambling
541,totogel.id,https://totogel.id,gambling
542,gtatogel.com,https://gtatogel.com,gambling
543,tfaman.site,https://tfaman.site,gambling
544,altogel.com,https://altogel.com,gambling
545,tuan-togel.net,https://tuan-togel.net,gambling
546,edctoto.com,https://edctoto.com,gambling
547,bktoto.com,https://bktoto.com,gambling
548,bandarlotre.com,http://bandarlotre.com,gambling
549,carteltoto.com,https://carteltoto.com,gambling
550,tuantogeledge.com,https://tuantogeledge.com,gambling
551,bdangka5.com,https://bdangka5.com,gambling
552,ceritoto.id,https://ceritoto.id,gambling
553,hotogel.org,https://hotogel.org,gambling
554,rindutogelgcr.com,https://rindutogelgcr.com,gambling
555,mvphoki.cfd,https://mvphoki.cfd,gambling
556,bet-togel.com,https://bet-togel.com,gambling
557,cvtogel.net,https://cvtogel.net,gambling
558,kudattjupiter9.tokosportbengkalis.online,https://kudattjupiter9.tokosportbengkalis.online,gambling
559,merdekatogel.co,https://merdekatogel.co,gambling
560,queen.katsu5prime.info,https://queen.katsu5prime.info,gambling
561,platinumtogel.com,https://platinumtogel.com,gambling
562,hptoto.net,https://hptoto.net,gambling
563,bandartogel.org,https://bandartogel.org,gambling
564,www.langittogel.com,https://www.langittogel.com,gambling
565,indotogelapp.com,https://indotogelapp.com,gambling
566,bandar4d.com,https://bandar4d.com,gambling
567,rajatupay.xyz,https://rajatupay.xyz,gambling
568,mionila.com,https://mionila.com,gambling
569,toto88x.site,https://toto88x.site,gambling
570,t15.tt88jaya.com,https://t15.tt88jaya.com,gambling
571,modaljp.store,https://modaljp.store,gambling
572,sumtoto.org,https://sumtoto.org,gambling
573,bartogel.com,https://bartogel.com,gambling
574,137.184.10.157,https://137.184.10.157,gambling
575,toto12core.com,https://toto12core.com,gambling
576,linetogel.com,https://linetogel.com,gambling
577,miaw.gtatogel.io,https://miaw.gtatogel.io,gambling
578,labidi.id,https://labidi.id,gambling
579,ico.livenpay.io,https://ico.livenpay.io,gambling
580,1toto.org,https://1toto.org,gambling
581,lima.1totoair.lol,https://lima.1totoair.lol,gambling
582,roda4dofc.com,https://roda4dofc.com,gambling
583,roda4dhoki.com,https://roda4dhoki.com,gambling
584,editoto.vip,https://editoto.vip,gambling
585,danatoto.com,https://danatoto.com,gambling
586,madrid-gaskan887.com,https://madrid-gaskan887.com,gambling
587,andajaya.com,https://andajaya.com,gambling
588,player4d.com,https://player4d.com,gambling
589,toto80.com,https://toto80.com,gambling
590,toto-togel.org,https://toto-togel.org,gambling
591,sritoto.com,https://sritoto.com,gambling
592,bambu4d.com,https://bambu4d.com,gambling
593,pakdefit.com,https://pakdefit.com,gambling
594,www.terang4d.com,https://www.terang4d.com,gambling
595,terang4dgo.com,https://terang4dgo.com,gambling
596,www.xn--ghtgel-wxac.com,https://www.xn--ghtgel-wxac.com,gambling
597,hdtoto.org,https://hdtoto.org,gambling
598,www.to2gel.com,https://www.to2gel.com,gambling
599,hargatoto.com,https://hargatoto.com,gambling
600,arahtogel.com,https://arahtogel.com,gambling
601,sitotoresmi.pages.dev,https://sitotoresmi.pages.dev,gambling
602,sitototbk.com,https://sitototbk.com,gambling
603,ampsuka.info,https://ampsuka.info,gambling
604,colatogel245.site,https://colatogel245.site,gambling
605,situsestoto.com,https://situsestoto.com,gambling
606,esdice.it.com,https://esdice.it.com,gambling
607,cong-togel.com,https://cong-togel.com,gambling
608,188.166.235.77,https://188.166.235.77,gambling
609,67.205.148.39,https://67.205.148.39,gambling
610,zipautowin.com,https://zipautowin.com,gambling
611,laskartimun.com,https://laskartimun.com,gambling
612,8togelpod.com,https://8togelpod.com,gambling
613,sharkan.net,https://sharkan.net,gambling
614,situstogelterpercaya.org,https://situstogelterpercaya.org,gambling
615,pragmaticasia128.buzz,https://pragmaticasia128.buzz,gambling
616,hongslot.id,https://hongslot.id,gambling
617,hongmerdu.com,https://hongmerdu.com,gambling
618,petir126.com,https://petir126.com,gambling
619,www.casinobet77.id,https://www.casinobet77.id,gambling
620,mawartoto.jatiagung.id,https://mawartoto.jatiagung.id,gambling
621,www.pos4d.com,https://www.pos4d.com,gambling
622,jeparatotomini.com,https://jeparatotomini.com,gambling
623,akses-ohtogel.com,https://akses-ohtogel.com,gambling
624,pushh-oht.com,https://pushh-oht.com,gambling
625,lunatogel.net,https://lunatogel.net,gambling
626,98toto.info,https://98toto.info,gambling
627,jne-toto.com,https://jne-toto.com,gambling
628,ultra4dtoto.com,https://ultra4dtoto.com,gambling
629,zeus-137.com,https://zeus-137.com,gambling
630,osaka88qq.site,https://osaka88qq.site,gambling
631,zeus138jepe.site,https://zeus138jepe.site,gambling
632,link-cepatnc.click,https://link-cepatnc.click,gambling
633,slot-zeus88.com,https://slot-zeus88.com,gambling
634,slot-zeus.com,https://slot-zeus.com,gambling
635,rafa77rame.website,https://rafa77rame.website,gambling
636,gamezeus.net,https://gamezeus.net,gambling
637,daun123he.xyz,https://daun123he.xyz,gambling
638,18.136.44.160,https://18.136.44.160,gambling
639,19.jepe500play.lol,https://19.jepe500play.lol,gambling
640,amp-maxwin138.com,https://amp-maxwin138.com,gambling
641,maxwin77gg.com,https://maxwin77gg.com,gambling
642,menangselalu.space,https://menangselalu.space,gambling
643,h-low.b-cdn.net,https://h-low.b-cdn.net,gambling
644,kingdomtotox60.com,https://kingdomtotox60.com,gambling
645,gacorx500dc.top,https://gacorx500dc.top,gambling
646,t16.tt88jaya.com,https://t16.tt88jaya.com,gambling
647,niltotonih.org,https://niltotonih.org,gambling
648,sortoto.wiki,https://sortoto.wiki,gambling
649,sahampages.com,https://sahampages.com,gambling
650,bittecollections.pages.dev,https://bittecollections.pages.dev,gambling
651,capitalakomodatif.com,https://capitalakomodatif.com,gambling
652,susu-enak.b-cdn.net,https://susu-enak.b-cdn.net,gambling
653,satuboba02.bobatoto333.com,https://satuboba02.bobatoto333.com,gambling
654,meme4d.com,https://meme4d.com,gambling
655,nagitakita.com,https://nagitakita.com,gambling
656,bmw-performance.pages.dev,https://bmw-performance.pages.dev,gambling
657,linkbyd009.com,https://linkbyd009.com,gambling
658,omacuanrozi.com,https://omacuanrozi.com,gambling
659,sibut.pages.dev,https://sibut.pages.dev,gambling
660,kc4g.ngawimasukkedua.com,https://kc4g.ngawimasukkedua.com,gambling
661,duarrr-bunyinya.b-cdn.net,https://duarrr-bunyinya.b-cdn.net,gambling
662,dino.bento4dnaik.com,https://dino.bento4dnaik.com,gambling
663,fortis-fortuna-adiuvat-7jt.pages.dev,https://fortis-fortuna-adiuvat-7jt.pages.dev,gambling
664,lima.amavi5d037.com,https://lima.amavi5d037.com,gambling
665,3bbe.vikingwonder.com,https://3bbe.vikingwonder.com,gambling
666,jagoangka.totovip.it.com,https://jagoangka.totovip.it.com,gambling
667,totolotre.net,https://totolotre.net,gambling
668,punten.sldkcs.click,https://punten.sldkcs.click,gambling
669,ndx-gasing777pro.click,https://ndx-gasing777pro.click,gambling
670,ipototo.com,https://ipototo.com,gambling
671,toto-8000.com,https://toto-8000.com,gambling
672,mkt.dewa6dgelo.site,https://mkt.dewa6dgelo.site,gambling
673,www.heritageradiott.com,https://www.heritageradiott.com,gambling
674,heritageradiott-naik0-lagi.pages.dev,https://heritageradiott-naik0-lagi.pages.dev,gambling
675,coloksgpkeren.com,https://coloksgpkeren.com,gambling
676,maxwin66slot.com,https://maxwin66slot.com,gambling
677,jitu99pkr.ink,https://jitu99pkr.ink,gambling
678,slotmaxwin.net,https://slotmaxwin.net,gambling
679,pusatwinraja.com,https://pusatwinraja.com,gambling
680,www.maxwin303.online,https://www.maxwin303.online,gambling
681,playmaxwin303.com,https://playmaxwin303.com,gambling
682,178.128.104.238,https://178.128.104.238,gambling
683,maxwin88kasih.lol,https://maxwin88kasih.lol,gambling
684,sultangacorwin.com,https://sultangacorwin.com,gambling
685,khmerin.space,https://khmerin.space,gambling
686,gacormaxwinslot.com,https://gacormaxwinslot.com,gambling
687,ampapigacor88crde.com,https://ampapigacor88crde.com,gambling
688,ganas.apigacor88gta.store,https://ganas.apigacor88gta.store,gambling
689,hajar69burst.com,https://hajar69burst.com,gambling
690,sekutgacor25.live,https://sekutgacor25.live,gambling
691,pgslot88main.com,https://pgslot88main.com,gambling
692,lgogoalkl.xyz,https://lgogoalkl.xyz,gambling
693,kambojabet700.site,https://kambojabet700.site,gambling
694,spbu877.pages.dev,https://spbu877.pages.dev,gambling
695,dewi500slot.net,https://dewi500slot.net,gambling
696,bola369liga.lol,https://bola369liga.lol,gambling
697,perseena.com,https://perseena.com,gambling
698,gacor.infoaresgacor.site,https://gacor.infoaresgacor.site,gambling
699,paten.hahagacor-pit.com,https://paten.hahagacor-pit.com,gambling
700,23-spaceman88.restaurantnuwa.com,https://23-spaceman88.restaurantnuwa.com,gambling
701,airbet88sukses.com,https://airbet88sukses.com,gambling
702,hangatkaratetoto.site,https://hangatkaratetoto.site,gambling
703,betberrywish.com,https://betberrywish.com,gambling
704,situs-jambi.s-zx.workers.dev,https://situs-jambi.s-zx.workers.dev,gambling
705,limabelas2.jambiversace.com,https://limabelas2.jambiversace.com,gambling
706,ijobet-sabi.shop,https://ijobet-sabi.shop,gambling
707,kembali-lagi.seokoitoto88.workers.dev,https://kembali-lagi.seokoitoto88.workers.dev,gambling
708,gacor33d.lol,https://gacor33d.lol,gambling
709,berry.slo88highflyer.online,https://berry.slo88highflyer.online,gambling
710,sulebet.link,https://sulebet.link,gambling
711,botakbetjaya.com,https://botakbetjaya.com,gambling
712,29hoki.it.com,https://29hoki.it.com,gambling
713,kikobukber.com,https://kikobukber.com,gambling
714,clanevil.com,https://clanevil.com,gambling
715,sobat-toto.com,https://sobat-toto.com,gambling
716,toto5.com,https://toto5.com,gambling
717,toto1000mobile.com,https://toto1000mobile.com,gambling
718,satuboba02.bobaoptimis.com,https://satuboba02.bobaoptimis.com,gambling
719,yowestogel.com,https://yowestogel.com,gambling
720,lokitoto9.it.com,https://lokitoto9.it.com,gambling
721,xn--pdkuc0bb.net,https://xn--pdkuc0bb.net,gambling
722,kenapa-yah-gini-mulu.pages.dev,https://kenapa-yah-gini-mulu.pages.dev,gambling
723,mawartotoastra.com,https://mawartotoastra.com,gambling
724,olxtab.com,https://olxtab.com,gambling
725,rangelinesolutions-lokitoto.pages.dev,https://rangelinesolutions-lokitoto.pages.dev,gambling
726,xn--i20byrx5atz2c.info,https://xn--i20byrx5atz2c.info,gambling
727,baru153.store,https://baru153.store,gambling
728,giqh.vikingwonder.com,https://giqh.vikingwonder.com,gambling
729,joker.tempototo2.com,https://joker.tempototo2.com,gambling
730,buset-dah-bang.b-cdn.net,https://buset-dah-bang.b-cdn.net,gambling
731,permata.sdjasa.com,https://permata.sdjasa.com,gambling
732,prorridreamp.pages.dev,https://prorridreamp.pages.dev,gambling
733,sxx6jitu.space,https://sxx6jitu.space,gambling
734,a23.138utama.shop,https://a23.138utama.shop,gambling
735,bakautoto-login.com,https://bakautoto-login.com,gambling
736,boostjualtoto.com,https://boostjualtoto.com,gambling
737,aplikasitoto8000.com,https://aplikasitoto8000.com,gambling
738,www.imperialtoto.com,https://www.imperialtoto.com,gambling
739,ling.taysentotonews.pro,https://ling.taysentotonews.pro,gambling
740,omtogel-id.com,https://omtogel-id.com,gambling
741,kvtotoramadhan.com,https://kvtotoramadhan.com,gambling
742,mesin.gtatogel.ink,https://mesin.gtatogel.ink,gambling
743,pasti-banyak-cobaan.b-cdn.net,https://pasti-banyak-cobaan.b-cdn.net,gambling
744,babe88cuanz.site,https://babe88cuanz.site,gambling
745,www.dv188untung.shop,https://www.dv188untung.shop,gambling
746,maxwin138ba.com,https://maxwin138ba.com,gambling
747,rajamenang2.site,https://rajamenang2.site,gambling
748,history.jlfafafa3.com,https://history.jlfafafa3.com,gambling
749,paitosunda.com,https://paitosunda.com,gambling
750,on-fire-amp.pages.dev,https://on-fire-amp.pages.dev,gambling
751,shopee.co.id,https://shopee.co.id,non-gambling
752,tokopedia.com,https://tokopedia.com,non-gambling
753,blibli.com,https://blibli.com,non-gambling
754,lazada.co.id,https://lazada.co.id,non-gambling
755,olx.co.id,https://olx.co.id,non-gambling
756,orami.co.id,https://orami.co.id,non-gambling
757,bukalapak.com,https://bukalapak.com,non-gambling
758,akulaku.com,https://akulaku.com,non-gambling
759,zalora.co.id,https://zalora.co.id,non-gambling
760,sociolla.com,https://sociolla.com,non-gambling
761,samsung.com,https://samsung.com/id,non-gambling
762,ibox.co.id,https://ibox.co.id,non-gambling
763,mi.co.id,https://mi.co.id,non-gambling
764,asus.com,https://asus.com/id,non-gambling
765,uniqlo.com,https://uniqlo.com/id,non-gambling
766,adidas.co.id,https://adidas.co.id,non-gambling
767,oppo.com,https://oppo.com/id,non-gambling
768,ruparupa.com,https://ruparupa.com,non-gambling
769,klikindomaret.com,https://klikindomaret.com,non-gambling
770,eraspace.com,https://eraspace.com,non-gambling
771,decathlon.co.id,https://decathlon.co.id,non-gambling
772,bhinneka.com,https://bhinneka.com,non-gambling
773,matahari.com,https://matahari.com,non-gambling
774,laku6.com,https://laku6.com,non-gambling
775,evermos.com,https://evermos.com,non-gambling
776,amazon.com,https://amazon.com,non-gambling
777,us.shein.com,https://us.shein.com,non-gambling
778,aliexpress.us,https://aliexpress.us,non-gambling
779,ebay.com,https://ebay.com,non-gambling
780,walmart.com,https://walmart.com,non-gambling
781,rakuten.co.jp,https://rakuten.co.jp,non-gambling
782,etsy.com,https://etsy.com,non-gambling
783,premiumoutlets.com,https://premiumoutlets.com,non-gambling
784,shop.app,https://shop.app,non-gambling
785,trendyol.com,https://trendyol.com,non-gambling
786,coupang.com,https://coupang.com,non-gambling
787,mercadolivre.com.br,https://mercadolivre.com.br,non-gambling
788,walgreens.com,https://walgreens.com,non-gambling
789,flipkart.com,https://flipkart.com,non-gambling
790,shopusa.com,https://shopusa.com,non-gambling
791,allegro.pl,https://allegro.pl,non-gambling
792,wayfair.com,https://wayfair.com,non-gambling
793,apple.com,https://apple.com,non-gambling
794,ikea.co.id,https://ikea.co.id,non-gambling
795,c21stores.com,https://c21stores.com,non-gambling
796,marshalls.com,https://marshalls.com,non-gambling
797,oldnavy.gap.com,https://oldnavy.gap.com,non-gambling
798,zazzle.com,https://zazzle.com,non-gambling
799,newegg.com,https://newegg.com,non-gambling
800,asos.com,https://asos.com,non-gambling
801,detik.com,https://detik.com,non-gambling
802,kompas.com,https://kompas.com,non-gambling
803,tribunnews.com,https://tribunnews.com,non-gambling
804,cnnindonesia.com,https://cnnindonesia.com,non-gambling
805,kumparan.com,https://kumparan.com,non-gambling
806,liputan6.com,https://liputan6.com,non-gambling
807,idntimes.com,https://idntimes.com,non-gambling
808,tempo.co,https://tempo.co,non-gambling
809,tirto.id,https://tirto.id,non-gambling
810,sindonews.com,https://sindonews.com,non-gambling
811,bisnis.com,https://bisnis.com,non-gambling
812,bolasport.com,https://bolasport.com,non-gambling
813,inilah.com,https://inilah.com,non-gambling
814,republika.co.id,https://republika.co.id,non-gambling
815,rri.co.id,https://rri.co.id,non-gambling
816,nu.or.id,https://nu.or.id,non-gambling
817,antaranews.com,https://antaranews.com,non-gambling
818,suara.com,https://suara.com,non-gambling
819,merdeka.com,https://merdeka.com,non-gambling
820,viva.co.id,https://viva.co.id,non-gambling
821,yahoo.com,https://yahoo.com,non-gambling
822,bbc.com,https://bbc.com,non-gambling
823,nytimes.com,https://nytimes.com,non-gambling
824,edition.cnn.com,https://edition.cnn.com,non-gambling
825,business-standard.com,https://business-standard.com,non-gambling
826,theguardian.com,https://theguardian.com,non-gambling
827,reuters.com,https://reuters.com,non-gambling
828,aljazeera.com,https://aljazeera.com,non-gambling
829,foxnews.com,https://foxnews.com,non-gambling
830,euronews.com,https://euronews.com,non-gambling
831,washingtonpost.com,https://washingtonpost.com,non-gambling
832,forbes.com,https://forbes.com,non-gambling
833,dailymail.co.uk,https://dailymail.co.uk,non-gambling
834,dowjones.com,https://dowjones.com,non-gambling
835,nbcnews.com,https://nbcnews.com,non-gambling
836,cbsnews.com,https://cbsnews.com,non-gambling
837,news.sky.com,https://news.sky.com,non-gambling
838,abcnews.go.com,https://abcnews.go.com,non-gambling
839,vox.com,https://vox.com,non-gambling
840,thesun.co.uk,https://thesun.co.uk,non-gambling
841,coursera.org,https://coursera.org,non-gambling
842,edx.org,https://edx.org,non-gambling
843,udemy.com,https://udemy.com,non-gambling
844,ruangguru.com,https://ruangguru.com,non-gambling
845,zenius.net,https://zenius.net,non-gambling
846,ucl.ac.uk,https://ucl.ac.uk,non-gambling
847,brainly.co.id,https://brainly.co.id,non-gambling
848,scribd.com,https://scribd.com,non-gambling
849,khanacademy.org,https://khanacademy.org,non-gambling
850,uiowa.edu,https://uiowa.edu,non-gambling
851,futurelearn.com,https://futurelearn.com,non-gambling
852,udacity.com,https://udacity.com,non-gambling
853,alison.com,https://alison.com,non-gambling
854,swayam.gov.in,https://swayam.gov.in,non-gambling
855,xuetangx.com,https://xuetangx.com,non-gambling
856,edraak.org,https://edraak.org,non-gambling
857,utoronto.ca,https://utoronto.ca,non-gambling
858,indonesiax.co.id,https://indonesiax.co.id,non-gambling
859,ocw.mit.edu,https://ocw.mit.edu,non-gambling
860,iversity.org,https://iversity.org,non-gambling
861,kadenze.com,https://kadenze.com,non-gambling
862,open.hpi.de,https://open.hpi.de,non-gambling
863,canvas.net,https://canvas.net,non-gambling
864,openlearning.com,https://openlearning.com,non-gambling
865,cam.ac.uk,https://cam.ac.uk,non-gambling
866,kmooc.kr,https://kmooc.kr,non-gambling
867,fun-mooc.fr,https://fun-mooc.fr,non-gambling
868,cursos.aprende.gob.mx,https://cursos.aprende.gob.mx,non-gambling
869,uopeople.edu,https://uopeople.edu,non-gambling
870,open.edu.au,https://open.edu.au,non-gambling
871,kemenkeu.go.id,https://kemenkeu.go.id,non-gambling
872,komdigi.go.id,https://komdigi.go.id,non-gambling
873,kemkes.go.id,https://kemkes.go.id,non-gambling
874,esdm.go.id,https://esdm.go.id,non-gambling
875,kemlu.go.id,https://kemlu.go.id,non-gambling
876,kemenkum.go.id,https://kemenkum.go.id,non-gambling
877,kemenimipas.go.id,https://kemenimipas.go.id,non-gambling
878,kemnaker.go.id,https://kemnaker.go.id,non-gambling
879,kemendag.go.id,https://kemendag.go.id,non-gambling
880,undp.org,https://undp.org,non-gambling
881,worldbank.org,https://worldbank.org,non-gambling
882,unicef.org,https://unicef.org,non-gambling
883,asean.org,https://asean.org,non-gambling
884,whitehouse.gov,https://whitehouse.gov,non-gambling
885,state.gov,https://state.gov,non-gambling
886,home.treasury.gov,https://home.treasury.gov,non-gambling
887,cia.gov,https://cia.gov,non-gambling
888,nasa.gov,https://nasa.gov,non-gambling
889,epa.gov,https://epa.gov,non-gambling
890,un.org,https://un.org,non-gambling
891,wto.org,https://wto.org,non-gambling
892,imf.org,https://imf.org,non-gambling
893,nato.int,https://nato.int,non-gambling
894,oecd.org,https://oecd.org,non-gambling
895,icrc.org,https://icrc.org,non-gambling
896,paypal.com,https://paypal.com,non-gambling
897,dana.id,https://dana.id,non-gambling
898,gopay.co.id,https://gopay.co.id,non-gambling
899,ovo.id,https://ovo.id,non-gambling
900,paytm.com,https://paytm.com,non-gambling
901,ajaib.co.id,https://ajaib.co.id,non-gambling
902,revolut.com,https://revolut.com,non-gambling
903,coinmarketcap.com,https://coinmarketcap.com,non-gambling
904,duitku.com,https://duitku.com,non-gambling
905,bareksa.com,https://bareksa.com,non-gambling
906,bri.co.id,https://bri.co.id/brimo,non-gambling
907,bankbsi.co.id,https://bankbsi.co.id,non-gambling
908,wise.com,https://wise.com,non-gambling
909,klarna.com,https://klarna.com,non-gambling
910,bibit.id,https://bibit.id,non-gambling
911,seabank.co.id,https://seabank.co.id,non-gambling
912,brankas.com,https://brankas.com,non-gambling
913,astrapay.com,https://astrapay.com,non-gambling
914,flip.id,https://flip.id,non-gambling
915,cermati.com,https://cermati.com,non-gambling
916,netflix.com,https://netflix.com,non-gambling
917,primevideo.com,https://primevideo.com,non-gambling
918,apps.disneyplus.com,https://apps.disneyplus.com,non-gambling
919,youtube.com,https://youtube.com,non-gambling
920,crunchyroll.com,https://crunchyroll.com,non-gambling
921,hbomax.com,https://hbomax.com,non-gambling
922,open.spotify.com,https://open.spotify.com,non-gambling
923,iq.com,https://iq.com,non-gambling
924,viki.com,https://viki.com,non-gambling
925,paramountplus.com,https://paramountplus.com,non-gambling
926,viu.com,https://viu.com,non-gambling
927,vidio.com,https://vidio.com,non-gambling
928,iflix.com,https://iflix.com,non-gambling
929,catchplay.com,https://catchplay.com,non-gambling
930,erosnow.com,https://erosnow.com,non-gambling
931,slack.com,https://slack.com,non-gambling
932,zoom.com,https://zoom.com,non-gambling
933,dropbox.com,https://dropbox.com,non-gambling
934,notion.com,https://notion.com,non-gambling
935,asana.com,https://asana.com,non-gambling
936,clockify.me,https://clockify.me,non-gambling
937,wordpress.com,https://wordpress.com,non-gambling
938,shopify.com,https://shopify.com,non-gambling
939,hubspot.com,https://hubspot.com,non-gambling
940,zendesk.com,https://zendesk.com,non-gambling
941,niftypm.com,https://niftypm.com,non-gambling
942,atlassian.com,https://atlassian.com,non-gambling
943,trello.com,https://trello.com,non-gambling
944,teamwork.com,https://teamwork.com,non-gambling
945,basecamp.com,https://basecamp.com,non-gambling
946,smarttask.io,https://smarttask.io,non-gambling
947,zluri.com,https://zluri.com,non-gambling
948,miro.com,https://miro.com,non-gambling
949,zapier.com,https://zapier.com,non-gambling
950,canva.com,https://canva.com,non-gambling
951,google.com,https://google.com,non-gambling
952,facebook.com,https://facebook.com,non-gambling
953,instagram.com,https://instagram.com,non-gambling
954,discord.com,https://discord.com,non-gambling
955,twitch.tv,https://twitch.tv,non-gambling
956,quora.com,https://quora.com,non-gambling
957,id.pinterest.com,https://id.pinterest.com,non-gambling
958,snapchat.com,https://snapchat.com,non-gambling
959,tiktok.com,https://tiktok.com,non-gambling
960,linkedin.com,https://linkedin.com,non-gambling
961,stackoverflow.com,https://stackoverflow.com,non-gambling
962,wikihow.com,https://wikihow.com,non-gambling
963,answers.com,https://answers.com,non-gambling
964,wikipedia.org,https://wikipedia.org,non-gambling
965,bing.com,https://bing.com,non-gambling
966,baidu.com,https://baidu.com,non-gambling
967,naver.com,https://naver.com,non-gambling
968,fandom.com,https://fandom.com,non-gambling
969,weather.com,https://weather.com,non-gambling
970,mail.ru,https://mail.ru,non-gambling
971,nih.gov,https://nih.gov,non-gambling
972,ciputrahospital.com,https://ciputrahospital.com,non-gambling
973,siloamhospitals.com,https://siloamhospitals.com,non-gambling
974,mitrakeluarga.com,https://mitrakeluarga.com,non-gambling
975,ekahospital.com,https://ekahospital.com,non-gambling
976,alomedika.com,https://alomedika.com,non-gambling
977,herminahospitals.com,https://herminahospitals.com,non-gambling
978,primayahospital.com,https://primayahospital.com,non-gambling
979,rspondokindah.co.id,https://rspondokindah.co.id,non-gambling
980,prodia.co.id,https://prodia.co.id,non-gambling
981,tipspintar.com,https://tipspintar.com,non-gambling
982,techcrunch.com,https://techcrunch.com,non-gambling
983,jagatreview.com,https://jagatreview.com,non-gambling
984,techinasia.com,https://techinasia.com,non-gambling
985,dailysocial.id,https://dailysocial.id,non-gambling
986,technologue.id,https://technologue.id,non-gambling
987,pcmag.com,https://pcmag.com,non-gambling
988,wired.com,https://wired.com,non-gambling
989,cnet.com,https://cnet.com,non-gambling
990,theverge.com,https://theverge.com,non-gambling
991,traveloka.com,https://traveloka.com,non-gambling
992,tiket.com,https://tiket.com,non-gambling
993,id.trip.com,https://id.trip.com,non-gambling
994,agoda.com,https://agoda.com,non-gambling
995,klook.com,https://klook.com,non-gambling
996,booking.com,https://booking.com,non-gambling
997,airbnb.com,https://airbnb.com,non-gambling
998,skyscanner.net,https://skyscanner.net,non-gambling
999,reddoorz.com,https://reddoorz.com,non-gambling
1000,tripadvisor.com,https://tripadvisor.com,non-gambling
1001,www.ui.ac.id,https://www.ui.ac.id,non-gambling
1002,itb.ac.id,https://itb.ac.id,non-gambling
1003,ugm.ac.id,https://ugm.ac.id,non-gambling
1004,www.ipb.ac.id,https://www.ipb.ac.id,non-gambling
1005,www.its.ac.id,https://www.its.ac.id,non-gambling
1006,www.unpad.ac.id,https://www.unpad.ac.id,non-gambling
1007,undip.ac.id,https://undip.ac.id,non-gambling
1008,unair.ac.id,https://unair.ac.id,non-gambling
1009,www.ub.ac.id,https://www.ub.ac.id,non-gambling
1010,uns.ac.id,https://uns.ac.id,non-gambling
1011,binus.ac.id,https://binus.ac.id,non-gambling
1012,telkomuniversity.ac.id,https://telkomuniversity.ac.id,non-gambling
1013,www.hult.edu,https://www.hult.edu,non-gambling
1014,www.usu.ac.id,https://www.usu.ac.id,non-gambling
1015,uny.ac.id,https://uny.ac.id,non-gambling
1016,unnes.ac.id,https://unnes.ac.id,non-gambling
1017,www.upi.edu,https://www.upi.edu,non-gambling
1018,unand.ac.id,https://unand.ac.id,non-gambling
1019,unsri.ac.id,https://unsri.ac.id,non-gambling
1020,umm.ac.id,https://umm.ac.id,non-gambling
1021,oxfordsummercourses.com,https://oxfordsummercourses.com,non-gambling
1022,www.uii.ac.id,https://www.uii.ac.id,non-gambling
1023,www.gunadarma.ac.id,https://www.gunadarma.ac.id,non-gambling
1024,mercubuana.ac.id,https://mercubuana.ac.id,non-gambling
1025,trisakti.ac.id,https://trisakti.ac.id,non-gambling
1026,www.harvard.edu,https://www.harvard.edu,non-gambling
1027,www.stanford.edu,https://www.stanford.edu,non-gambling
1028,web.mit.edu,https://web.mit.edu,non-gambling
1029,www.ox.ac.uk,https://www.ox.ac.uk,non-gambling
1030,www.caltech.edu,https://www.caltech.edu,non-gambling
1031,www.princeton.edu,https://www.princeton.edu,non-gambling
1032,www.yale.edu,https://www.yale.edu,non-gambling
1033,www.columbia.edu,https://www.columbia.edu,non-gambling
1034,bfi.uchicago.edu,https://bfi.uchicago.edu,non-gambling
1035,www.upenn.edu,https://www.upenn.edu,non-gambling
1036,www.jhu.edu,https://www.jhu.edu,non-gambling
1037,www.cornell.edu,https://www.cornell.edu,non-gambling
1038,www.ucla.edu,https://www.ucla.edu,non-gambling
1039,www.berkeley.edu,https://www.berkeley.edu,non-gambling
1040,nus.edu.sg,https://nus.edu.sg,non-gambling
1041,www.ntu.edu.sg,https://www.ntu.edu.sg,non-gambling
1042,www.tsinghua.edu.cn,https://www.tsinghua.edu.cn,non-gambling
1043,english.pku.edu.cn,https://english.pku.edu.cn,non-gambling
1044,www.unimelb.edu.au,https://www.unimelb.edu.au,non-gambling
1045,ethz.ch,https://ethz.ch,non-gambling
1046,www.bca.co.id,https://www.bca.co.id,non-gambling
1047,www.bankmandiri.co.id,https://www.bankmandiri.co.id,non-gambling
1048,www.bni.co.id,https://www.bni.co.id,non-gambling
1049,www.btn.co.id,https://www.btn.co.id,non-gambling
1050,www.cimbniaga.co.id,https://www.cimbniaga.co.id,non-gambling
1051,www.maybank.co.id,https://www.maybank.co.id,non-gambling
1052,www.danamon.co.id,https://www.danamon.co.id,non-gambling
1053,www.ocbc.id,https://www.ocbc.id,non-gambling
1054,www.panin.co.id,https://www.panin.co.id,non-gambling
1055,bankmega.com,https://bankmega.com,non-gambling
1056,www.permatabank.com,https://www.permatabank.com,non-gambling
1057,www.jpmorganchase.com,https://www.jpmorganchase.com,non-gambling
1058,www.bankofamerica.com,https://www.bankofamerica.com,non-gambling
1059,www.wellsfargo.com,https://www.wellsfargo.com,non-gambling
1060,www.citi.com,https://www.citi.com,non-gambling
1061,www.hsbc.com,https://www.hsbc.com,non-gambling
1062,www.sc.com,https://www.sc.com,non-gambling
1063,www.allianz.co.id,https://www.allianz.co.id,non-gambling
1064,www.prudential.co.id,https://www.prudential.co.id,non-gambling
1065,www.manulife.co.id,https://www.manulife.co.id,non-gambling
1066,www.aia-financial.co.id,https://www.aia-financial.co.id,non-gambling
1067,www.adira.co.id,https://www.adira.co.id,non-gambling
1068,www.baf.id,https://www.baf.id,non-gambling
1069,www.visa.co.id,https://www.visa.co.id,non-gambling
1070,www.axa.com,https://www.axa.com,non-gambling
1071,www.toyota.astra.co.id,https://www.toyota.astra.co.id,non-gambling
1072,www.honda-indonesia.com,https://www.honda-indonesia.com,non-gambling
1073,daihatsu.co.id,https://daihatsu.co.id,non-gambling
1074,www.mitsubishi-motors.co.id,https://www.mitsubishi-motors.co.id,non-gambling
1075,www.hyundai.com,https://www.hyundai.com,non-gambling
1076,wuling.id,https://wuling.id,non-gambling
1077,mazda.co.id,https://mazda.co.id,non-gambling
1078,www.bmw.co.id,https://www.bmw.co.id,non-gambling
1079,www.mercedes-benz.co.id,https://www.mercedes-benz.co.id,non-gambling
1080,nissan.co.id,https://nissan.co.id,non-gambling
1081,worldwide.kia.com,https://worldwide.kia.com,non-gambling
1082,www.tesla.com,https://www.tesla.com,non-gambling
1083,ford.co.id,https://ford.co.id,non-gambling
1084,www.ferrari.com,https://www.ferrari.com,non-gambling
1085,www.lamborghini.com,https://www.lamborghini.com,non-gambling
1086,www.yamaha-motor.co.id,https://www.yamaha-motor.co.id,non-gambling
1087,www.astra-honda.com,https://www.astra-honda.com,non-gambling
1088,www.kawasaki-motor.co.id,https://www.kawasaki-motor.co.id,non-gambling
1089,gojek.com,https://gojek.com,non-gambling
1090,www.grab.com,https://www.grab.com,non-gambling
1091,www.bluebirdgroup.com,https://www.bluebirdgroup.com,non-gambling
1092,www.uber.com,https://www.uber.com,non-gambling
1093,www.hertz.com,https://www.hertz.com,non-gambling
1094,www.avis.com,https://www.avis.com,non-gambling
1095,jne.co.id,https://jne.co.id,non-gambling
1096,jet.co.id,https://jet.co.id,non-gambling
1097,www.sicepat.com,https://www.sicepat.com,non-gambling
1098,www.posindonesia.co.id,https://www.posindonesia.co.id,non-gambling
1099,tiki.id,https://tiki.id,non-gambling
1100,www.ninjaxpress.co,https://www.ninjaxpress.co,non-gambling
1101,paxel.co,https://paxel.co,non-gambling
1102,www.deliveree.com,https://www.deliveree.com,non-gambling
1103,www.lalamove.com,https://www.lalamove.com,non-gambling
1104,www.fedex.com,https://www.fedex.com,non-gambling
1105,www.dhl.com,https://www.dhl.com,non-gambling
1106,www.ups.com,https://www.ups.com,non-gambling
1107,www.usps.com,https://www.usps.com,non-gambling
1108,www.maersk.com,https://www.maersk.com,non-gambling
1109,www.cma-cgm.com,https://www.cma-cgm.com,non-gambling
1110,github.com,https://github.com,non-gambling
1111,about.gitlab.com,https://about.gitlab.com,non-gambling
1112,bitbucket.org,https://bitbucket.org,non-gambling
1113,www.docker.com,https://www.docker.com,non-gambling
1114,kubernetes.io,https://kubernetes.io,non-gambling
1115,www.oracle.com,https://www.oracle.com,non-gambling
1116,www.ibm.com,https://www.ibm.com,non-gambling
1117,www.intel.co.id,https://www.intel.co.id,non-gambling
1118,www.amd.com,https://www.amd.com,non-gambling
1119,www.nvidia.com,https://www.nvidia.com,non-gambling
1120,www.cisco.com,https://www.cisco.com,non-gambling
1121,www.qualcomm.com,https://www.qualcomm.com,non-gambling
1122,www.broadcom.com,https://www.broadcom.com,non-gambling
1123,www.vmware.com,https://www.vmware.com,non-gambling
1124,www.redhat.com,https://www.redhat.com,non-gambling
1125,ubuntu.com,https://ubuntu.com,non-gambling
1126,www.debian.org,https://www.debian.org,non-gambling
1127,www.python.org,https://www.python.org,non-gambling
1128,nodejs.org,https://nodejs.org,non-gambling
1129,go.dev,https://go.dev,non-gambling
1130,rust-lang.org,https://rust-lang.org,non-gambling
1131,www.php.net,https://www.php.net,non-gambling
1132,apache.org,https://apache.org,non-gambling
1133,nginx.org,https://nginx.org,non-gambling
1134,www.cloudflare.com,https://www.cloudflare.com,non-gambling
1135,www.godaddy.com,https://www.godaddy.com,non-gambling
1136,www.namecheap.com,https://www.namecheap.com,non-gambling
1137,www.bluehost.com,https://www.bluehost.com,non-gambling
1138,www.hostinger.co.id,https://www.hostinger.co.id,non-gambling
1139,www.hostinger.com,https://www.hostinger.com,non-gambling
1140,vercel.com,https://vercel.com,non-gambling
1141,openai.com,https://openai.com,non-gambling
1142,www.anthropic.com,https://www.anthropic.com,non-gambling
1143,huggingface.co,https://huggingface.co,non-gambling
1144,www.midjourney.com,https://www.midjourney.com,non-gambling
1145,stability.ai,https://stability.ai,non-gambling
1146,www.jasper.ai,https://www.jasper.ai,non-gambling
1147,www.copy.ai,https://www.copy.ai,non-gambling
1148,runwayml.com,https://runwayml.com,non-gambling
1149,deepmind.google,https://deepmind.google,non-gambling
1150,www.perplexity.ai,https://www.perplexity.ai,non-gambling
1151,store.steampowered.com,https://store.steampowered.com,non-gambling
1152,store.epicgames.com,https://store.epicgames.com,non-gambling
1153,www.playstation.com,https://www.playstation.com,non-gambling
1154,www.xbox.com,https://www.xbox.com,non-gambling
1155,www.nintendo.com,https://www.nintendo.com,non-gambling
1156,www.ea.com,https://www.ea.com,non-gambling
1157,www.ubisoft.com,https://www.ubisoft.com,non-gambling
1158,www.activision.com,https://www.activision.com,non-gambling
1159,www.blizzard.com,https://www.blizzard.com,non-gambling
1160,www.roblox.com,https://www.roblox.com,non-gambling
1161,www.minecraft.net,https://www.minecraft.net,non-gambling
1162,unity.com,https://unity.com,non-gambling
1163,www.unrealengine.com,https://www.unrealengine.com,non-gambling
1164,www.rockstargames.com,https://www.rockstargames.com,non-gambling
1165,my.konami.net,https://my.konami.net,non-gambling
1166,www.garuda-indonesia.com,https://www.garuda-indonesia.com,non-gambling
1167,www.citilink.co.id,https://www.citilink.co.id,non-gambling
1168,www.lionair.co.id,https://www.lionair.co.id,non-gambling
1169,www.airasia.com,https://www.airasia.com,non-gambling
1170,www.batikair.com,https://www.batikair.com,non-gambling
1171,www.superairjet.com,https://www.superairjet.com,non-gambling
1172,www.singaporeair.com,https://www.singaporeair.com,non-gambling
1173,www.emirates.com,https://www.emirates.com,non-gambling
1174,www.qatarairways.com,https://www.qatarairways.com,non-gambling
1175,www.etihad.com,https://www.etihad.com,non-gambling
1176,www.cathaypacific.com,https://www.cathaypacific.com,non-gambling
1177,www.ana.co.jp,https://www.ana.co.jp,non-gambling
1178,www.delta.com,https://www.delta.com,non-gambling
1179,www.united.com,https://www.united.com,non-gambling
1180,www.lufthansa.com,https://www.lufthansa.com,non-gambling
1181,kfcku.com,https://kfcku.com,non-gambling
1182,www.mcdonalds.co.id,https://www.mcdonalds.co.id,non-gambling
1183,www.pizzahut.co.id,https://www.pizzahut.co.id,non-gambling
1184,www.reckitt.com,https://www.reckitt.com,non-gambling
1185,www.hokben.co.id,https://www.hokben.co.id,non-gambling
1186,bkdelivery.co.id,https://bkdelivery.co.id,non-gambling
1187,www.dominos.co.id,https://www.dominos.co.id,non-gambling
1188,jcodonuts.com,https://jcodonuts.com,non-gambling
1189,chatime.co.id,https://chatime.co.id,non-gambling
1190,kopikenangan.com,https://kopikenangan.com,non-gambling
1191,www.indofood.com,https://www.indofood.com,non-gambling
1192,www.nestle.co.id,https://www.nestle.co.id,non-gambling
1193,www.pepsico.com,https://www.pepsico.com,non-gambling
1194,danone.co.id,https://danone.co.id,non-gambling
1195,www.coca-cola.com,https://www.coca-cola.com,non-gambling
1196,www.rumah123.com,https://www.rumah123.com,non-gambling
1197,www.99.co,https://www.99.co,non-gambling
1198,www.lamudi.co.id,https://www.lamudi.co.id,non-gambling
1199,www.pinhome.id,https://www.pinhome.id,non-gambling
1200,www.zillow.com,https://www.zillow.com,non-gambling
1201,www.agungpodomoroland.com,https://www.agungpodomoroland.com,non-gambling
1202,www.sinarmasland.com,https://www.sinarmasland.com,non-gambling
1203,www.ciputra.com,https://www.ciputra.com,non-gambling
1204,www.wika.co.id,https://www.wika.co.id,non-gambling
1205,www.cimanggisgolfestate.com,https://www.cimanggisgolfestate.com,non-gambling
1206,www.telkomsel.com,https://www.telkomsel.com,non-gambling
1207,im3shop.ioh.co.id,https://im3shop.ioh.co.id,non-gambling
1208,www.xl.co.id,https://www.xl.co.id,non-gambling
1209,www.smartfren.com,https://www.smartfren.com,non-gambling
1210,tri.co.id,https://tri.co.id,non-gambling
1211,www.biznetnetworks.com,https://www.biznetnetworks.com,non-gambling
1212,www.myrepublic.co.id,https://www.myrepublic.co.id,non-gambling
1213,www.firstmedia.com,https://www.firstmedia.com,non-gambling
1214,indihome.co.id,https://indihome.co.id,non-gambling
1215,starlink.com,https://starlink.com,non-gambling
1216,id.jobstreet.com,https://id.jobstreet.com,non-gambling
1217,glints.com,https://glints.com,non-gambling
1218,www.kalibrr.com,https://www.kalibrr.com,non-gambling
1219,www.kitalulus.com,https://www.kitalulus.com,non-gambling
1220,id.indeed.com,https://id.indeed.com,non-gambling
1221,www.glassdoor.com,https://www.glassdoor.com,non-gambling
1222,www.upwork.com,https://www.upwork.com,non-gambling
1223,www.fiverr.com,https://www.fiverr.com,non-gambling
1224,www.freelancer.com,https://www.freelancer.com,non-gambling
1225,www.toptal.com,https://www.toptal.com,non-gambling
1226,www.nike.com,https://www.nike.com,non-gambling
1227,id.puma.com,https://id.puma.com,non-gambling
1228,www.reebok.id,https://www.reebok.id,non-gambling
1229,www.underarmour.com,https://www.underarmour.com,non-gambling
1230,www.newbalance.com,https://www.newbalance.com,non-gambling
1231,id.hm.com,https://id.hm.com,non-gambling
1232,www.zara.com,https://www.zara.com,non-gambling
1233,www.gucci.com,https://www.gucci.com,non-gambling
1234,id.louisvuitton.com,https://id.louisvuitton.com,non-gambling
1235,www.chanel.com,https://www.chanel.com,non-gambling
1236,www.eigeradventure.com,https://www.eigeradventure.com,non-gambling
1237,whitelabel.dior.com,https://whitelabel.dior.com,non-gambling
1238,www.prada.com,https://www.prada.com,non-gambling
1239,www.rolex.com,https://www.rolex.com,non-gambling
1240,www.seikowatches.com,https://www.seikowatches.com,non-gambling
1241,www.nationalgeographic.com,https://www.nationalgeographic.com,non-gambling
1242,time.com,https://time.com,non-gambling
1243,www.economist.com,https://www.economist.com,non-gambling
1244,hbr.org,https://hbr.org,non-gambling
1245,www.vogue.com,https://www.vogue.com,non-gambling
1246,www.elle.com,https://www.elle.com,non-gambling
1247,www.gq.com,https://www.gq.com,non-gambling
1248,www.cosmopolitan.com,https://www.cosmopolitan.com,non-gambling
1249,www.rollingstone.com,https://www.rollingstone.com,non-gambling
1250,www.billboard.com,https://www.billboard.com,non-gambling
1251,www.adobe.com,https://www.adobe.com,non-gambling
1252,www.autodesk.com,https://www.autodesk.com,non-gambling
1253,www.figma.com,https://www.figma.com,non-gambling
1254,www.postman.com,https://www.postman.com,non-gambling
1255,swagger.io,https://swagger.io,non-gambling
1256,www.linode.com,https://www.linode.com,non-gambling
1257,www.digitalocean.com,https://www.digitalocean.com,non-gambling
1258,www.heroku.com,https://www.heroku.com,non-gambling
1259,firebase.google.com,https://firebase.google.com,non-gambling
1260,supabase.com,https://supabase.com,non-gambling
1261,www.twilio.com,https://www.twilio.com,non-gambling
1262,www.sendgrid.com,https://www.sendgrid.com,non-gambling
1263,mailchimp.com,https://mailchimp.com,non-gambling
1264,www.salesforce.com,https://www.salesforce.com,non-gambling
1265,www.smartsheet.com,https://www.smartsheet.com,non-gambling
1266,monday.com,https://monday.com,non-gambling
1267,wrike.com,https://wrike.com,non-gambling
1268,www.typeform.com,https://www.typeform.com,non-gambling
1269,www.surveymonkey.com,https://www.surveymonkey.com,non-gambling
1270,www.airtable.com,https://www.airtable.com,non-gambling
1271,coda.io,https://coda.io,non-gambling
1272,www.splunk.com,https://www.splunk.com,non-gambling
1273,www.datadoghq.com,https://www.datadoghq.com,non-gambling
1274,newrelic.com,https://newrelic.com,non-gambling
1275,www.jetbrains.com,https://www.jetbrains.com,non-gambling
1276,sentry.io,https://sentry.io,non-gambling
1277,umami.is,https://umami.is,non-gambling
1278,usefathom.com,https://usefathom.com,non-gambling
1279,matomo.org,https://matomo.org,non-gambling
1280,piwik.pro,https://piwik.pro,non-gambling
1281,nuxt.com,https://nuxt.com,non-gambling
1282,www.lenovo.com,https://www.lenovo.com,non-gambling
1283,www.hp.com,https://www.hp.com,non-gambling
1284,www.dell.com,https://www.dell.com,non-gambling
1285,www.acer.com,https://www.acer.com,non-gambling
1286,www.logitech.com,https://www.logitech.com,non-gambling
1287,www.razer.com,https://www.razer.com,non-gambling
1288,www.corsair.com,https://www.corsair.com,non-gambling
1289,www.sonos.com,https://www.sonos.com,non-gambling
1290,www.bose.com,https://www.bose.com,non-gambling
1291,www.shure.com,https://www.shure.com,non-gambling
1292,www.sennheiser.com,https://www.sennheiser.com,non-gambling
1293,www.garmin.co.id,https://www.garmin.co.id,non-gambling
1294,www.polar.com,https://www.polar.com,non-gambling
1295,apac.suunto.com,https://apac.suunto.com,non-gambling
1296,www.withings.com,https://www.withings.com,non-gambling
1297,www.cpanel.net,https://www.cpanel.net,non-gambling
1298,www.plesk.com,https://www.plesk.com,non-gambling
1299,new.drupal.org,https://new.drupal.org,non-gambling
1300,www.joomla.org,https://www.joomla.org,non-gambling
1301,www.bigcommerce.com,https://www.bigcommerce.com,non-gambling
1302,woocommerce.com,https://woocommerce.com,non-gambling
1303,www.squarespace.com,https://www.squarespace.com,non-gambling
1304,www.wix.com,https://www.wix.com,non-gambling
1305,www.weebly.com,https://www.weebly.com,non-gambling
1306,webflow.com,https://webflow.com,non-gambling
1307,www.bloomberg.com,https://www.bloomberg.com,non-gambling
1308,www.cnbc.com,https://www.cnbc.com,non-gambling
1309,www.marketwatch.com,https://www.marketwatch.com,non-gambling
1310,www.wsj.com,https://www.wsj.com,non-gambling
1311,www.ft.com,https://www.ft.com,non-gambling
1312,www.theatlantic.com,https://www.theatlantic.com,non-gambling
1313,www.newyorker.com,https://www.newyorker.com,non-gambling
1314,www.politico.com,https://www.politico.com,non-gambling
1315,www.axios.com,https://www.axios.com,non-gambling
1316,www.npr.org,https://www.npr.org,non-gambling
1317,www.pbs.org,https://www.pbs.org,non-gambling
1318,www.vice.com,https://www.vice.com,non-gambling
1319,www.buzzfeed.com,https://www.buzzfeed.com,non-gambling
1320,mashable.com,https://mashable.com,non-gambling
1321,gizmodo.com,https://gizmodo.com,non-gambling
1322,www.engadget.com,https://www.engadget.com,non-gambling
1323,arstechnica.com,https://arstechnica.com,non-gambling
1324,www.tomsguide.com,https://www.tomsguide.com,non-gambling
1325,www.techradar.com,https://www.techradar.com,non-gambling
1326,sea.ign.com,https://sea.ign.com,non-gambling
1327,www.motortrend.com,https://www.motortrend.com,non-gambling
1328,www.caranddriver.com,https://www.caranddriver.com,non-gambling
1329,www.edmunds.com,https://www.edmunds.com,non-gambling
1330,www.kbbkbu.io,https://www.kbbkbu.io,non-gambling
1331,www.autoblog.com,https://www.autoblog.com,non-gambling
1332,www.topgear.com,https://www.topgear.com,non-gambling
1333,global.espn.com,https://global.espn.com,non-gambling
1334,www.skysports.com,https://www.skysports.com,non-gambling
1335,www.foxsports.com,https://www.foxsports.com,non-gambling
1336,www.cbssports.com,https://www.cbssports.com,non-gambling
1337,www.nba.com,https://www.nba.com,non-gambling
1338,www.nfl.com,https://www.nfl.com,non-gambling
1339,www.mlb.com,https://www.mlb.com,non-gambling
1340,www.nhl.com,https://www.nhl.com,non-gambling
1341,www.fifa.com,https://www.fifa.com,non-gambling
1342,www.uefa.com,https://www.uefa.com,non-gambling
1343,www.premierleague.com,https://www.premierleague.com,non-gambling
1344,www.formula1.com,https://www.formula1.com,non-gambling
1345,www.motogp.com,https://www.motogp.com,non-gambling
1346,www.olympics.com,https://www.olympics.com,non-gambling
1347,www.bmkg.go.id,https://www.bmkg.go.id,non-gambling
1348,www.bps.go.id,https://www.bps.go.id,non-gambling
1349,www.kpu.go.id,https://www.kpu.go.id,non-gambling
1350,www.bappenas.go.id,https://www.bappenas.go.id,non-gambling
1351,kemenag.go.id,https://kemenag.go.id,non-gambling
1352,dephub.go.id,https://dephub.go.id,non-gambling
1353,kemenperin.go.id,https://kemenperin.go.id,non-gambling
1354,polri.go.id,https://polri.go.id,non-gambling
1355,tni.mil.id,https://tni.mil.id,non-gambling
1356,www.ojk.go.id,https://www.ojk.go.id,non-gambling
1357,www.bi.go.id,https://www.bi.go.id,non-gambling
1358,www.idx.co.id,https://www.idx.co.id,non-gambling
1359,www.bpjs-kesehatan.go.id,https://www.bpjs-kesehatan.go.id,non-gambling
1360,www.bpjsketenagakerjaan.go.id,https://www.bpjsketenagakerjaan.go.id,non-gambling
1361,www.pajak.go.id,https://www.pajak.go.id,non-gambling
1362,www.beacukai.go.id,https://www.beacukai.go.id,non-gambling
1363,www.gramedia.com,https://www.gramedia.com,non-gambling
1364,www.periplus.com,https://www.periplus.com,non-gambling
1365,alfagift.id,https://alfagift.id,non-gambling
1366,transmart.co.id,https://transmart.co.id,non-gambling
1367,www.hypermart.co.id,https://www.hypermart.co.id,non-gambling
1368,www.lottemart.co.id,https://www.lottemart.co.id,non-gambling
1369,eci.id,https://eci.id,non-gambling
1370,myhartono.com,https://myhartono.com,non-gambling
1371,www.jakartanotebook.com,https://www.jakartanotebook.com,non-gambling
1372,www.kliknklik.com,https://www.kliknklik.com,non-gambling
1373,www.ralali.com,https://www.ralali.com,non-gambling
1374,www.kawanlama.com,https://www.kawanlama.com,non-gambling
1375,www.acehardware.com,https://www.acehardware.com,non-gambling
1376,informa.co.id,https://informa.co.id,non-gambling
1377,www.cgv.id,https://www.cgv.id,non-gambling
1378,www.21cineplex.com,https://www.21cineplex.com,non-gambling
1379,www.tix.id,https://www.tix.id,non-gambling
1380,www.loket.com,https://www.loket.com,non-gambling
1381,www.gotix.id,https://www.gotix.id,non-gambling
1382,www.ixxi.com,https://www.ixxi.com,non-gambling
1383,www.merriam-webster.com,https://www.merriam-webster.com,non-gambling
1384,www.dictionary.com,https://www.dictionary.com,non-gambling
1385,www.thesaurus.com,https://www.thesaurus.com,non-gambling
1386,www.britannica.com,https://www.britannica.com,non-gambling
1387,www.investopedia.com,https://www.investopedia.com,non-gambling
1388,www.healthline.com,https://www.healthline.com,non-gambling
1389,www.webmd.com,https://www.webmd.com,non-gambling
1390,www.mayoclinic.org,https://www.mayoclinic.org,non-gambling
1391,my.clevelandclinic.org,https://my.clevelandclinic.org,non-gambling
1392,www.cdc.gov,https://www.cdc.gov,non-gambling
1393,www.who.int,https://www.who.int,non-gambling
1394,www.nature.com,https://www.nature.com,non-gambling
1395,www.science.org,https://www.science.org,non-gambling
1396,www.smithsonianmag.com,https://www.smithsonianmag.com,non-gambling
1397,www.discovery.com,https://www.discovery.com,non-gambling
1398,www.nationalarchives.gov.uk,https://www.nationalarchives.gov.uk,non-gambling
1399,www.biography.com,https://www.biography.com,non-gambling
1400,www.space.com,https://www.space.com,non-gambling
1401,www.esa.int,https://www.esa.int,non-gambling
1402,home.cern,https://home.cern,non-gambling
1403,www.ieee.org,https://www.ieee.org,non-gambling
1404,www.acm.org,https://www.acm.org,non-gambling
1405,www.apa.org,https://www.apa.org,non-gambling
1406,www.ama-assn.org,https://www.ama-assn.org,non-gambling
1407,www.kiva.org,https://www.kiva.org,non-gambling
1408,www.ted.com,https://www.ted.com,non-gambling
1409,www.masterclass.com,https://www.masterclass.com,non-gambling
1410,www.skillshare.com,https://www.skillshare.com,non-gambling
1411,www.duolingo.com,https://www.duolingo.com,non-gambling
1412,www.babbel.com,https://www.babbel.com,non-gambling
1413,www.rosettastone.com,https://www.rosettastone.com,non-gambling
1414,www.memrise.com,https://www.memrise.com,non-gambling
1415,quizlet.com,https://quizlet.com,non-gambling
1416,kahoot.com,https://kahoot.com,non-gambling
1417,www.chegg.com,https://www.chegg.com,non-gambling
1418,www.coursehero.com,https://www.coursehero.com,non-gambling
1419,study.com,https://study.com,non-gambling
1420,www.codecademy.com,https://www.codecademy.com,non-gambling
1421,www.freecodecamp.org,https://www.freecodecamp.org,non-gambling
1422,www.hackerrank.com,https://www.hackerrank.com,non-gambling
1423,leetcode.com,https://leetcode.com,non-gambling
1424,www.datacamp.com,https://www.datacamp.com,non-gambling
1425,www.kdnuggets.com,https://www.kdnuggets.com,non-gambling
1426,towardsdatascience.com,https://towardsdatascience.com,non-gambling
1427,medium.com,https://medium.com,non-gambling
1428,www.expedia.com,https://www.expedia.com,non-gambling
1429,www.kayak.co.id,https://www.kayak.co.id,non-gambling
1430,www.priceline.com,https://www.priceline.com,non-gambling
1431,www.orbitz.com,https://www.orbitz.com,non-gambling
1432,www.trivago.com,https://www.trivago.com,non-gambling
1433,www.lonelyplanet.com,https://www.lonelyplanet.com,non-gambling
1434,www.nps.gov,https://www.nps.gov,non-gambling
1435,www.allrecipes.com,https://www.allrecipes.com,non-gambling
1436,www.bbcgoodfood.com,https://www.bbcgoodfood.com,non-gambling
1437,www.epicurious.com,https://www.epicurious.com,non-gambling
1438,tasty.co,https://tasty.co,non-gambling
1439,cookpad.com,https://cookpad.com,non-gambling
1440,www.zomato.com,https://www.zomato.com,non-gambling
1441,www.yelp.com,https://www.yelp.com,non-gambling
1442,www.opentable.com,https://www.opentable.com,non-gambling
1443,www.thefork.com,https://www.thefork.com,non-gambling
1444,www.michelin.com,https://www.michelin.com,non-gambling
1445,www.gordonramsay.com,https://www.gordonramsay.com,non-gambling
1446,www.jamieoliver.com,https://www.jamieoliver.com,non-gambling
1447,www.marthastewart.com,https://www.marthastewart.com,non-gambling
1448,soundcloud.com,https://soundcloud.com,non-gambling
1449,bandcamp.com,https://bandcamp.com,non-gambling
1450,www.last.fm,https://www.last.fm,non-gambling
1451,tunein.com,https://tunein.com,non-gambling
1452,www.siriusxcom,https://www.siriusxcom,non-gambling
1453,www.dailymotion.com,https://www.dailymotion.com,non-gambling
1454,www.imdb.com,https://www.imdb.com,non-gambling
1455,www.rottentomatoes.com,https://www.rottentomatoes.com,non-gambling
1456,www.themoviedb.org,https://www.themoviedb.org,non-gambling
1457,www.tvmaze.com,https://www.tvmaze.com,non-gambling
1458,www.metacritic.com,https://www.metacritic.com,non-gambling
1459,www.allmusic.com,https://www.allmusic.com,non-gambling
1460,www.boxofficemojo.com,https://www.boxofficemojo.com,non-gambling
1461,www.goodreads.com,https://www.goodreads.com,non-gambling
1462,www.audible.com,https://www.audible.com,non-gambling
1463,www.target.com,https://www.target.com,non-gambling
1464,www.bestbuy.com,https://www.bestbuy.com,non-gambling
1465,www.lowes.com,https://www.lowes.com,non-gambling
1466,www.sephora.com,https://www.sephora.com,non-gambling
1467,www.ulta.com,https://www.ulta.com,non-gambling
1468,www.ikea.com,https://www.ikea.com,non-gambling
1469,www.aldi.co.uk,https://www.aldi.co.uk,non-gambling
1470,www.williams-sonoma.com,https://www.williams-sonoma.com,non-gambling
1471,www.potterybarn.com,https://www.potterybarn.com,non-gambling
1472,www.crateandbarrel.com,https://www.crateandbarrel.com,non-gambling
1473,www.bathandbodyworks.com,https://www.bathandbodyworks.com,non-gambling
1474,www.victoriassecret.com,https://www.victoriassecret.com,non-gambling
1475,www.nordstromrack.com,https://www.nordstromrack.com,non-gambling
1476,www.saksfifthavenue.com,https://www.saksfifthavenue.com,non-gambling
1477,www.gap.com,https://www.gap.com,non-gambling
1478,www.nordstrom.com,https://www.nordstrom.com,non-gambling
1479,www.samsclub.com,https://www.samsclub.com,non-gambling
1480,www.wholefoodsmarket.co.uk,https://www.wholefoodsmarket.co.uk,non-gambling
1481,www.polygon.com,https://www.polygon.com,non-gambling
1482,kotaku.com,https://kotaku.com,non-gambling
1483,www.gamespot.com,https://www.gamespot.com,non-gambling
1484,www.eurogamer.net,https://www.eurogamer.net,non-gambling
1485,www.pcgamer.com,https://www.pcgamer.com,non-gambling
1486,giantbomb.com,https://giantbomb.com,non-gambling
1487,www.destructoid.com,https://www.destructoid.com,non-gambling
1488,gameinformer.com,https://gameinformer.com,non-gambling
1489,www.nintendolife.com,https://www.nintendolife.com,non-gambling
1490,www.pushsquare.com,https://www.pushsquare.com,non-gambling
1491,www.purexbox.com,https://www.purexbox.com,non-gambling
1492,www.gematsu.com,https://www.gematsu.com,non-gambling
1493,www.vg247.com,https://www.vg247.com,non-gambling
1494,www.rockpapershotgun.com,https://www.rockpapershotgun.com,non-gambling
1495,www.siliconera.com,https://www.siliconera.com,non-gambling
1496,www.gamesradar.com,https://www.gamesradar.com,non-gambling
1497,www.escapistmagazine.com,https://www.escapistmagazine.com,non-gambling
1498,www.gamedeveloper.com,https://www.gamedeveloper.com,non-gambling
1499,toucharcade.com,https://toucharcade.com,non-gambling
1500,www.pocketgamer.com,https://www.pocketgamer.com,non-gambling
